antecedent_id,consequent_id,support,confidence,lift,antecedent_name,consequent_name,antecedent_brand,consequent_brand,same_brand,antecedent_price,consequent_price,semantic_similarity
1165,1529,0.0005618569371773712,0.8,1340.094117647059,"Gel Rửa Mặt BHA Compliment No Problem 200ml Giảm Viêm, Mụn - Hàng Chính Hãng",Sữa rửa mặt trắng da The Face Shop Hàn Quốc White Seed Exfoliating Foam Cleanser 150ml dưỡng cấp ẩm sạch sâu,Compliment,The Faceshop,False,99000.0,184000.0,-0.1830954847119192
1529,1165,0.0005618569371773712,0.9411764705882353,1340.0941176470587,Sữa rửa mặt trắng da The Face Shop Hàn Quốc White Seed Exfoliating Foam Cleanser 150ml dưỡng cấp ẩm sạch sâu,"Gel Rửa Mặt BHA Compliment No Problem 200ml Giảm Viêm, Mụn - Hàng Chính Hãng",The Faceshop,Compliment,False,184000.0,99000.0,-0.1830954847119192
946,1357,0.0011939459915019139,0.918918918918919,747.6586872586873,SỬA RỬA MẶT CAO SÂM MẬT NHÂN,Sữa Rửa Mặt Sạch Sâu Ngừa Mụn Foaming Wash Fresh Dr Cell 150ml,no_brand,Dr Cell,False,199000.0,230000.0,-0.015404911690665176
1357,946,0.0011939459915019139,0.9714285714285714,747.6586872586872,Sữa Rửa Mặt Sạch Sâu Ngừa Mụn Foaming Wash Fresh Dr Cell 150ml,SỬA RỬA MẶT CAO SÂM MẬT NHÂN,Dr Cell,no_brand,False,230000.0,199000.0,-0.015404911690665176
1102,1699,0.0006672051128981283,0.4418604651162791,466.03186907838074,SỮA RỬA MẶT TRÀ XANH GREEN TEA 3W CLINIC HÀN QUỐC 100ML,SỮA RỬA MẶT GẠO BROWN RICE FOAM CLEANSING 3W CILINIC HÀN QUỐC 100ML,3W CLINIC,3W CLINIC,True,35000.0,35000.0,0.3581951854610625
1699,1102,0.0006672051128981283,0.7037037037037037,466.03186907838074,SỮA RỬA MẶT GẠO BROWN RICE FOAM CLEANSING 3W CILINIC HÀN QUỐC 100ML,SỮA RỬA MẶT TRÀ XANH GREEN TEA 3W CLINIC HÀN QUỐC 100ML,3W CLINIC,3W CLINIC,True,35000.0,35000.0,0.3581951854610625
246,107,0.0010183656986339853,0.7837837837837838,275.5532198865532,[XẢ KHO] SỮA RỬA MẶT CẤP NƯỚC CHỐNG OXY HOÁ WHOO HỒNG 40ML,[XẢ KHO] Sữa rửa mặt Whoo vàng hoàng cung 40ml,no_brand,no_brand,True,79000.0,67000.0,0.1819027669029337
107,246,0.0010183656986339853,0.35802469135802467,275.5532198865532,[XẢ KHO] Sữa rửa mặt Whoo vàng hoàng cung 40ml,[XẢ KHO] SỮA RỬA MẶT CẤP NƯỚC CHỐNG OXY HOÁ WHOO HỒNG 40ML,no_brand,no_brand,True,67000.0,79000.0,0.1819027669029337
2,52,0.0015802226358113565,0.5487804878048781,159.46553011448484,"Sữa rửa mặt nam 30Shine phân phối chính hãng Skin&dr Tràm trà 80g cho da mụn, da dầu, dưỡng ẩm trắng da",Sữa Rửa Mặt Cho Nam Skin&Dr Than Hoạt Tính 100g - Trắng da kiềm dầu,Skin&Dr	,Skin&Dr	,True,244000.0,179000.0,-0.017914878811385176
52,2,0.0015802226358113565,0.45918367346938777,159.4655301144848,Sữa Rửa Mặt Cho Nam Skin&Dr Than Hoạt Tính 100g - Trắng da kiềm dầu,"Sữa rửa mặt nam 30Shine phân phối chính hãng Skin&dr Tràm trà 80g cho da mụn, da dầu, dưỡng ẩm trắng da",Skin&Dr	,Skin&Dr	,True,179000.0,244000.0,-0.017914878811385176
593,1383,0.0011588299329283282,0.3055555555555556,135.95789930555557,Bộ Dụng Cụ Vệ Sinh Mano: 1000 Chuyên Dụng Chất Lượng Cao,Sữa rửa mặt tạo bọt ma:nyo Pore Cleansing Soda Foam 150ml,ma:nyo,ma:nyo,True,307500.0,350000.0,0.36596702829100036
1383,593,0.0011588299329283282,0.515625,135.95789930555557,Sữa rửa mặt tạo bọt ma:nyo Pore Cleansing Soda Foam 150ml,Bộ Dụng Cụ Vệ Sinh Mano: 1000 Chuyên Dụng Chất Lượng Cao,ma:nyo,ma:nyo,True,350000.0,307500.0,0.36596702829100036
83,281,0.0007725532886188855,0.34375,132.28336148648648,Sữa rửa mặt dưỡng da tươi sáng và căng mọng Bio-essence Bio-Bird's Nest Collagen Cleanser 100g,Sữa rửa mặt ngừa lão hóa Bi-Essence BioGold BioEssence Gold Cleanser chiết xuất vàng 24k 100g,Bio-essence,Bio-essence,True,139000.0,135000.0,0.4292419283283038
281,83,0.0007725532886188855,0.2972972972972973,132.28336148648648,Sữa rửa mặt ngừa lão hóa Bi-Essence BioGold BioEssence Gold Cleanser chiết xuất vàng 24k 100g,Sữa rửa mặt dưỡng da tươi sáng và căng mọng Bio-essence Bio-Bird's Nest Collagen Cleanser 100g,Bio-essence,Bio-essence,True,135000.0,139000.0,0.4292419283283038
240,1021,0.0006672051128981283,0.20430107526881722,93.83680194242109,Kem rửa mặt ngăn ngừa mụn Acnes Creamy Wash 100g,Sữa rửa mặt dưỡng trắng và ngăn ngừa mụn Acnes Pure White Cleanser 100g,Acnes,Acnes,True,56000.0,56000.0,0.3209859570361089
1021,240,0.0006672051128981283,0.3064516129032258,93.83680194242109,Sữa rửa mặt dưỡng trắng và ngăn ngừa mụn Acnes Pure White Cleanser 100g,Kem rửa mặt ngăn ngừa mụn Acnes Creamy Wash 100g,Acnes,Acnes,True,56000.0,56000.0,0.3209859570361089
1876,1557,0.0007374372300452997,0.3684210526315789,91.23066361556064,Sữa Rửa Mặt Dành Cho Da Nhạy Cảm Dạng Gel Sukin Sensitive Cleansing Gel 125ml,Sữa Rửa Mặt Tạo Bọt Sukin Signature Foaming Facial Cleanser 125ml,sukin,sukin,True,289000.0,174000.0,0.34466918057842394
1557,1876,0.0007374372300452997,0.1826086956521739,91.23066361556064,Sữa Rửa Mặt Tạo Bọt Sukin Signature Foaming Facial Cleanser 125ml,Sữa Rửa Mặt Dành Cho Da Nhạy Cảm Dạng Gel Sukin Sensitive Cleansing Gel 125ml,sukin,sukin,True,174000.0,289000.0,0.34466918057842394
608,600,0.0005618569371773712,0.12403100775193798,80.27343199436223,[Mã FMCGKAO122 giảm 8% đơn 250K] Sữa Tẩy Trang Rửa Mặt 3 Trong 1 Dưỡng Ẩm Mịn Da Biore 100g,[Mã FMCGKAO122 giảm 8% đơn 250K] Sữa Rửa Mặt Sạch Nhờn & Lỗ Chân Lông Nhỏ Mịn Biore 100g,Bioré,Bioré,True,54000.0,43000.0,0.3876923246083783
600,608,0.0005618569371773712,0.36363636363636365,80.27343199436223,[Mã FMCGKAO122 giảm 8% đơn 250K] Sữa Rửa Mặt Sạch Nhờn & Lỗ Chân Lông Nhỏ Mịn Biore 100g,[Mã FMCGKAO122 giảm 8% đơn 250K] Sữa Tẩy Trang Rửa Mặt 3 Trong 1 Dưỡng Ẩm Mịn Da Biore 100g,Bioré,Bioré,True,43000.0,54000.0,0.3876923246083783
536,332,0.0005969729957509569,0.11258278145695365,72.86408789885611,Sữa Rửa Mặt Ziajaa Chiết Xuất Từ Lá Manuka Cho Da Dầu Mụn (bill ảnh tiếp),Sữa rửa mặt ziaja med xanh nội địa balan 200ml,ziaja,ziaja,True,109000.0,139000.0,0.5328480583627764
332,536,0.0005969729957509569,0.38636363636363635,72.86408789885611,Sữa rửa mặt ziaja med xanh nội địa balan 200ml,Sữa Rửa Mặt Ziajaa Chiết Xuất Từ Lá Manuka Cho Da Dầu Mụn (bill ảnh tiếp),ziaja,ziaja,True,139000.0,109000.0,0.5328480583627764
38,150,0.0013695262843698424,0.23076923076923078,69.1748987854251,Sữa Rửa Mặt 3W Clinic Mẫu Mới Hot,Sữa rửa mặt colagen,3W CLINIC,no_brand,False,22500.0,23000.0,-0.0810328394353417
150,38,0.0013695262843698424,0.4105263157894737,69.1748987854251,Sữa rửa mặt colagen,Sữa Rửa Mặt 3W Clinic Mẫu Mới Hot,no_brand,3W CLINIC,False,23000.0,22500.0,-0.0810328394353417
354,626,0.0008427854057660568,0.08633093525179857,61.4611510791367,"Gel rửa mặt Compliment No Problem không làm khô da giảm viêm, mụn, sản phẩm cho da dầu, nhạy cảm hàng nội địa Nga 200ml","[Nhập khẩu chính hãng] Gel rửa mặt Compliment 200ml giảm mụn, sạch sâu, không cồn khô hàng Nga chính hãng",no_brand,no_brand,True,107000.0,127000.0,0.1310449538354215
626,354,0.0008427854057660568,0.6,61.461151079136684,"[Nhập khẩu chính hãng] Gel rửa mặt Compliment 200ml giảm mụn, sạch sâu, không cồn khô hàng Nga chính hãng","Gel rửa mặt Compliment No Problem không làm khô da giảm viêm, mụn, sản phẩm cho da dầu, nhạy cảm hàng nội địa Nga 200ml",no_brand,no_brand,True,127000.0,107000.0,0.1310449538354215
88,1380,0.0006320890543245427,0.13953488372093023,55.96528005240747,Sữa rửa mặt Kose Softymo Nhật Bản 220g,[NỘI ĐỊA NHẬT] Sữa rửa mặt Kose Softymo Nhật Bản 220g,no_brand,KOSÉ,False,74000.0,106000.0,0.10764864330549628
1380,88,0.0006320890543245427,0.2535211267605634,55.965280052407465,[NỘI ĐỊA NHẬT] Sữa rửa mặt Kose Softymo Nhật Bản 220g,Sữa rửa mặt Kose Softymo Nhật Bản 220g,KOSÉ,no_brand,False,106000.0,74000.0,0.10764864330549628
536,620,0.0011939459915019139,0.2251655629139073,52.992063926440814,Sữa Rửa Mặt Ziajaa Chiết Xuất Từ Lá Manuka Cho Da Dầu Mụn (bill ảnh tiếp),[200 ml] Sữa rửa mặt Ziaja chiết xuất từ lá Manuka,ziaja,ziaja,True,109000.0,109000.0,-0.0009534082322813328
620,536,0.0011939459915019139,0.2809917355371901,52.99206392644081,[200 ml] Sữa rửa mặt Ziaja chiết xuất từ lá Manuka,Sữa Rửa Mặt Ziajaa Chiết Xuất Từ Lá Manuka Cho Da Dầu Mụn (bill ảnh tiếp),ziaja,ziaja,True,109000.0,109000.0,-0.0009534082322813328
1422,729,0.0005267408786037855,0.23076923076923078,43.234311740890696,"Gel rửa mặt & Toner Bielenda Green Tea làm sạch sâu, kiềm dầu, giảm mụn","Gel rửa mặt Bielenda Green Tea 200ml làm sạch sâu, kiềm dầu, giảm mụn",Bielenda,Bielenda,True,167500.0,180000.0,0.4014458345883114
729,1422,0.0005267408786037855,0.09868421052631579,43.23431174089069,"Gel rửa mặt Bielenda Green Tea 200ml làm sạch sâu, kiềm dầu, giảm mụn","Gel rửa mặt & Toner Bielenda Green Tea làm sạch sâu, kiềm dầu, giảm mụn",Bielenda,Bielenda,True,180000.0,167500.0,0.4014458345883114
941,729,0.0007374372300452997,0.21875,40.98252467105264,Gel rửa mặt Himalaya Neem ngừa & giảm mụn /Chanh vàng trắng da 150ml,"Gel rửa mặt Bielenda Green Tea 200ml làm sạch sâu, kiềm dầu, giảm mụn",Himalaya,Bielenda,False,64000.0,180000.0,0.09201522388772575
729,941,0.0007374372300452997,0.13815789473684212,40.98252467105264,"Gel rửa mặt Bielenda Green Tea 200ml làm sạch sâu, kiềm dầu, giảm mụn",Gel rửa mặt Himalaya Neem ngừa & giảm mụn /Chanh vàng trắng da 150ml,Bielenda,Himalaya,False,180000.0,64000.0,0.09201522388772575
56,31,0.0009130175229132283,0.41935483870967744,39.28278862478778,Sữa rửa mặt Gamaphil 125ml 150ml và 500ml,SỮA RỬA MẶT GAMMAPHIL 500ml,no_brand,no_brand,True,116000.0,119000.0,0.2029720262497677
31,56,0.0009130175229132283,0.08552631578947369,39.28278862478778,SỮA RỬA MẶT GAMMAPHIL 500ml,Sữa rửa mặt Gamaphil 125ml 150ml và 500ml,no_brand,no_brand,True,119000.0,116000.0,0.2029720262497677
88,765,0.0006672051128981283,0.14728682170542637,35.84860531372159,Sữa rửa mặt Kose Softymo Nhật Bản 220g,Sữa rửa mặt Kose Softymo Nhật Bản 220g,no_brand,no_brand,True,74000.0,84500.0,0.20726837202579393
765,88,0.0006672051128981283,0.1623931623931624,35.84860531372159,Sữa rửa mặt Kose Softymo Nhật Bản 220g,Sữa rửa mặt Kose Softymo Nhật Bản 220g,no_brand,no_brand,True,84500.0,74000.0,0.20726837202579393
38,190,0.0005618569371773712,0.09467455621301775,35.47430706944877,Sữa Rửa Mặt 3W Clinic Mẫu Mới Hot,SỬA RỬA MẶT INNIS TRÀ XANH,3W CLINIC,no_brand,False,22500.0,26500.0,0.05779338894923204
190,38,0.0005618569371773712,0.21052631578947367,35.47430706944876,SỬA RỬA MẶT INNIS TRÀ XANH,Sữa Rửa Mặt 3W Clinic Mẫu Mới Hot,no_brand,3W CLINIC,False,26500.0,22500.0,0.05779338894923204
409,498,0.000702321171471714,0.31746031746031744,34.24362674362674,GEL RỬA MĂT LA ROCHE POSAY,"SỮA RỬA MẶT LA ROCHE POSAY CHO DA DẦU, MỤN, NHẠY CẢM EFFACLAR PURIFYING FOAMING GEL CHÍNH HÃNG 100%",La Roche-Posay,La Roche-Posay,True,59500.0,237500.0,0.45473018730457604
498,409,0.000702321171471714,0.07575757575757576,34.24362674362674,"SỮA RỬA MẶT LA ROCHE POSAY CHO DA DẦU, MỤN, NHẠY CẢM EFFACLAR PURIFYING FOAMING GEL CHÍNH HÃNG 100%",GEL RỬA MĂT LA ROCHE POSAY,La Roche-Posay,La Roche-Posay,True,237500.0,59500.0,0.45473018730457604
362,442,0.0006672051128981283,0.09268292682926829,33.40926211793764,Adaphil / Gammaphil Sữa Rửa Mặt và Toàn Thân Cho Da Dầu Mụn 125ml - 500ml Gamma Adaphil Gentle Skin Cleanser,"[HÀNG CÔNG TY] SỮA RỬA MẶT DỊU NHẸ ADAPHIL LÀNH TÍNH, NGỪA MỤN",Gamma,Gamma,True,122500.0,123500.0,0.08965849278569678
442,362,0.0006672051128981283,0.24050632911392406,33.40926211793764,"[HÀNG CÔNG TY] SỮA RỬA MẶT DỊU NHẸ ADAPHIL LÀNH TÍNH, NGỪA MỤN",Adaphil / Gammaphil Sữa Rửa Mặt và Toàn Thân Cho Da Dầu Mụn 125ml - 500ml Gamma Adaphil Gentle Skin Cleanser,Gamma,Gamma,True,123500.0,122500.0,0.08965849278569678
428,88,0.0005618569371773712,0.1391304347826087,30.713313110886418,Sữa rửa mặt Kose Softymo Cleansing Foam Nhật Bản 220g,Sữa rửa mặt Kose Softymo Nhật Bản 220g,KOSÉ,no_brand,False,89000.0,74000.0,0.12159338060163521
88,428,0.0005618569371773712,0.12403100775193798,30.713313110886418,Sữa rửa mặt Kose Softymo Nhật Bản 220g,Sữa rửa mặt Kose Softymo Cleansing Foam Nhật Bản 220g,no_brand,KOSÉ,False,74000.0,89000.0,0.12159338060163521
614,376,0.0005618569371773712,0.16494845360824742,27.95974472263132,Sữa rửa mặt 3w Clinic Cleansing Foam 100ml,"Sữa rửa mặt 3W Clinic Hàn Quốc mẫu mới 100ml cấp ẩm, làm sạch da loại bỏ bụi bẩn",3W CLINIC,3W CLINIC,True,29500.0,26000.0,0.2499799024099845
376,614,0.0005618569371773712,0.09523809523809523,27.95974472263132,"Sữa rửa mặt 3W Clinic Hàn Quốc mẫu mới 100ml cấp ẩm, làm sạch da loại bỏ bụi bẩn",Sữa rửa mặt 3w Clinic Cleansing Foam 100ml,3W CLINIC,3W CLINIC,True,26000.0,29500.0,0.2499799024099845
646,441,0.0011237138743547424,0.42105263157894735,23.83760594328764,[TIẾT KIỆM HƠN] Bộ 02 Sữa rửa mặt tạo bọt bổ sung Collagen Senka Perfect Whip Collagen 120g/chai,Sữa rửa mặt Sạch sâu Sáng hồng Senka Perfect Whip Berry Bright 100g,SENKA,SENKA,True,150000.0,79000.0,0.20216731231197732
441,646,0.0011237138743547424,0.0636182902584493,23.83760594328764,Sữa rửa mặt Sạch sâu Sáng hồng Senka Perfect Whip Berry Bright 100g,[TIẾT KIỆM HƠN] Bộ 02 Sữa rửa mặt tạo bọt bổ sung Collagen Senka Perfect Whip Collagen 120g/chai,SENKA,SENKA,True,79000.0,150000.0,0.20216731231197732
227,72,0.0011939459915019139,0.12186379928315412,23.607587838002587,Sữa Rửa Mặt 3W Clinic 100ml Hàn Quốc,Sữa Rửa Mặt 3W Clinic Hàn Quốc 100ml,3W CLINIC,3W CLINIC,True,25000.0,25500.0,0.25796566146080424
72,227,0.0011939459915019139,0.23129251700680273,23.607587838002583,Sữa Rửa Mặt 3W Clinic Hàn Quốc 100ml,Sữa Rửa Mặt 3W Clinic 100ml Hàn Quốc,3W CLINIC,3W CLINIC,True,25500.0,25000.0,0.25796566146080424
217,629,0.0006672051128981283,0.18095238095238095,22.70035661841829,Sữa Rửa Mặt Senka Dưỡng Ẩm Mịn & Săn Chắc Da 120g,Sữa Rửa Mặt SENKA Cho Mọi Loại Da  Perfect Whip Facial Foam Wash Hasaki Sản phẩm chính hãng,SENKA,SENKA,True,91000.0,87000.0,0.312248341755909
629,217,0.0006672051128981283,0.08370044052863436,22.70035661841829,Sữa Rửa Mặt SENKA Cho Mọi Loại Da  Perfect Whip Facial Foam Wash Hasaki Sản phẩm chính hãng,Sữa Rửa Mặt Senka Dưỡng Ẩm Mịn & Săn Chắc Da 120g,SENKA,SENKA,True,87000.0,91000.0,0.312248341755909
743,693,0.001299294167222671,0.14979757085020243,22.57029325450378,Sữa rửa mặt giảm và ngăn ngừa mụn chứa BHA Ance Wash Zapzyt,Sữa rửa mặt giảm mụn cho da dầu 2% BHA - ZAPZYT Acne Wash,Zapzyt,Zapzyt,True,225000.0,265000.0,0.5486870558382612
693,743,0.001299294167222671,0.19576719576719576,22.57029325450378,Sữa rửa mặt giảm mụn cho da dầu 2% BHA - ZAPZYT Acne Wash,Sữa rửa mặt giảm và ngăn ngừa mụn chứa BHA Ance Wash Zapzyt,Zapzyt,Zapzyt,True,265000.0,225000.0,0.5486870558382612
36,22,0.0005969729957509569,0.288135593220339,22.2968404568902,"Sữa rửa mặt dưỡng ẩm, ngừa mụn, làm sáng da ý dĩ Hatomugi Nhật Bản 130g, 170g  [xanh - trắng]",(chính hãng) Sữa rửa mặt Hatomugi Naturie hạt ý dĩ 130g 170g Nhật Bản,no_brand,no_brand,True,46750.0,47500.0,0.2616380450374941
32,222,0.0009130175229132283,0.06933333333333333,21.696761904761903,Sữa rửa mặt làm sạch ngăn ngừa mụn từ trà xanh 3W CLINIC GREEN TEA CLEANSING FOAM,SỮA RỬA MẶT 3W CLINIC HÀN QUỐC,3W CLINIC,3W CLINIC,True,27900.0,35000.0,0.28805175398261335
222,32,0.0009130175229132283,0.2857142857142857,21.696761904761903,SỮA RỬA MẶT 3W CLINIC HÀN QUỐC,Sữa rửa mặt làm sạch ngăn ngừa mụn từ trà xanh 3W CLINIC GREEN TEA CLEANSING FOAM,3W CLINIC,3W CLINIC,True,35000.0,27900.0,0.28805175398261335
1422,404,0.0006672051128981283,0.2923076923076923,21.453727200634418,"Gel rửa mặt & Toner Bielenda Green Tea làm sạch sâu, kiềm dầu, giảm mụn","Gel rửa mặt BHA Compliment No Problem làm sạch sâu, giảm viêm & mụn 200ml",Bielenda,Compliment,False,167500.0,157500.0,0.13291963132328485
210,207,0.0032306773887698843,0.18930041152263374,20.65405294609211,Sữa rửa mặt trắng da L'Oreal Paris Aura Perfect Milk foam 50ml / 100ml,Sữa rửa mặt sáng da L'Oreal Paris Glycolic (AHA) Bright 100ml,L'Oreal Paris,L'Oreal Paris,True,90000.0,115000.0,0.03214823439758868
207,210,0.0032306773887698843,0.3524904214559387,20.65405294609211,Sữa rửa mặt sáng da L'Oreal Paris Glycolic (AHA) Bright 100ml,Sữa rửa mặt trắng da L'Oreal Paris Aura Perfect Milk foam 50ml / 100ml,L'Oreal Paris,L'Oreal Paris,True,115000.0,90000.0,0.03214823439758868
646,192,0.0005267408786037855,0.19736842105263158,20.43803827751196,[TIẾT KIỆM HƠN] Bộ 02 Sữa rửa mặt tạo bọt bổ sung Collagen Senka Perfect Whip Collagen 120g/chai,[TIẾT KIỆM HƠN] Bộ 02 Sữa rửa mặt tạo bọt chiết xuất tơ tằm trắng Senka Perfect Whip 120g/chai,SENKA,SENKA,True,150000.0,168000.0,0.17786125111111795
192,646,0.0005267408786037855,0.05454545454545454,20.43803827751196,[TIẾT KIỆM HƠN] Bộ 02 Sữa rửa mặt tạo bọt chiết xuất tơ tằm trắng Senka Perfect Whip 120g/chai,[TIẾT KIỆM HƠN] Bộ 02 Sữa rửa mặt tạo bọt bổ sung Collagen Senka Perfect Whip Collagen 120g/chai,SENKA,SENKA,True,168000.0,150000.0,0.17786125111111795
870,516,0.0028795168030340277,0.22777777777777777,20.270086805555557,Sữa rửa mặt CeraVe 3oz,Sữa rửa mặt CeraVe (Mỹ-Pháp),CeraVe,CeraVe,True,159000.0,332000.0,0.41634854422572637
516,870,0.0028795168030340277,0.25625,20.270086805555554,Sữa rửa mặt CeraVe (Mỹ-Pháp),Sữa rửa mặt CeraVe 3oz,CeraVe,CeraVe,True,332000.0,159000.0,0.41634854422572637
741,441,0.0007725532886188855,0.3548387096774194,20.088950169948053,Sữa Rửa Mặt Senka Perfect Whip Vit C Dưỡng Sáng Mờ Thâm 100g,Sữa rửa mặt Sạch sâu Sáng hồng Senka Perfect Whip Berry Bright 100g,SENKA,SENKA,True,89000.0,79000.0,0.23783213460780642
643,743,0.0011939459915019139,0.17346938775510204,19.999545567214742,Bill US - Sữa Rửa Mặt Zapzyt Acne Wash Effective & Gentle Cleanser 177g,Sữa rửa mặt giảm và ngăn ngừa mụn chứa BHA Ance Wash Zapzyt,Zapzyt,Zapzyt,True,225000.0,225000.0,-0.1493426569380034
743,643,0.0011939459915019139,0.13765182186234817,19.99954556721474,Sữa rửa mặt giảm và ngăn ngừa mụn chứa BHA Ance Wash Zapzyt,Bill US - Sữa Rửa Mặt Zapzyt Acne Wash Effective & Gentle Cleanser 177g,Zapzyt,Zapzyt,True,225000.0,225000.0,-0.1493426569380034
185,376,0.0006320890543245427,0.11320754716981132,19.189353099730457,"Sữa rửa mặt 3W Clinic Hàn Quốc mẫu mới 100ml cấp ẩm, làm sạch da loại bỏ bụi bẩn","Sữa rửa mặt 3W Clinic Hàn Quốc mẫu mới 100ml cấp ẩm, làm sạch da loại bỏ bụi bẩn",3W CLINIC,3W CLINIC,True,27200.0,26000.0,0.3585372981896
376,185,0.0006320890543245427,0.10714285714285714,19.189353099730457,"Sữa rửa mặt 3W Clinic Hàn Quốc mẫu mới 100ml cấp ẩm, làm sạch da loại bỏ bụi bẩn","Sữa rửa mặt 3W Clinic Hàn Quốc mẫu mới 100ml cấp ẩm, làm sạch da loại bỏ bụi bẩn",3W CLINIC,3W CLINIC,True,26000.0,27200.0,0.3585372981896
222,227,0.0005969729957509569,0.18681318681318682,19.067667099925163,SỮA RỬA MẶT 3W CLINIC HÀN QUỐC,Sữa Rửa Mặt 3W Clinic 100ml Hàn Quốc,3W CLINIC,3W CLINIC,True,35000.0,25000.0,0.2699053161736669
227,222,0.0005969729957509569,0.06093189964157706,19.067667099925163,Sữa Rửa Mặt 3W Clinic 100ml Hàn Quốc,SỮA RỬA MẶT 3W CLINIC HÀN QUỐC,3W CLINIC,3W CLINIC,True,25000.0,35000.0,0.2699053161736669
217,501,0.0005969729957509569,0.1619047619047619,18.44224761904762,Sữa Rửa Mặt Senka Dưỡng Ẩm Mịn & Săn Chắc Da 120g,Sữa Rửa Mặt Dành Cho Da Mụn Senka Perfect Whip Acne Care 100g,SENKA,SENKA,True,91000.0,76000.0,0.13683510900714918
501,217,0.0005969729957509569,0.068,18.44224761904762,Sữa Rửa Mặt Dành Cho Da Mụn Senka Perfect Whip Acne Care 100g,Sữa Rửa Mặt Senka Dưỡng Ẩm Mịn & Săn Chắc Da 120g,SENKA,SENKA,True,76000.0,91000.0,0.13683510900714918
1612,361,0.009165291287705869,0.4484536082474227,17.76163199174111,[ HB - Gift] Sữa rửa mặt loại bỏ mụn lá neem Himalaya Purifying Neem Face Wash 50ml,Sữa rửa mặt giảm mụn mờ thâm và sạch dầu thừa Himalaya Purifying Neem Face Wash 150ml,Himalaya,Himalaya,True,65000.0,87000.0,0.28249458845728
361,1612,0.009165291287705869,0.36300417246175243,17.761631991741105,Sữa rửa mặt giảm mụn mờ thâm và sạch dầu thừa Himalaya Purifying Neem Face Wash 150ml,[ HB - Gift] Sữa rửa mặt loại bỏ mụn lá neem Himalaya Purifying Neem Face Wash 50ml,Himalaya,Himalaya,True,87000.0,65000.0,0.28249458845728
178,635,0.0005618569371773712,0.08290155440414508,17.750282441855937,Sữa Rửa Mặt Cetaphil Gentle Skin Cleanser 500ml,Sữa Rửa Mặt Cetaphil Gentle Skin Cleanser 125ml - 250ml - 500ml - Dịu Nhẹ Không Xà Phòng,Cetaphil,Cetaphil,True,227000.0,224000.0,0.29485205706178874
635,178,0.0005618569371773712,0.12030075187969924,17.750282441855934,Sữa Rửa Mặt Cetaphil Gentle Skin Cleanser 125ml - 250ml - 500ml - Dịu Nhẹ Không Xà Phòng,Sữa Rửa Mặt Cetaphil Gentle Skin Cleanser 500ml,Cetaphil,Cetaphil,True,224000.0,227000.0,0.29485205706178874
629,501,0.0012290620500754995,0.15418502202643172,17.562907488986784,Sữa Rửa Mặt SENKA Cho Mọi Loại Da  Perfect Whip Facial Foam Wash Hasaki Sản phẩm chính hãng,Sữa Rửa Mặt Dành Cho Da Mụn Senka Perfect Whip Acne Care 100g,SENKA,SENKA,True,87000.0,76000.0,0.10628282141211233
501,629,0.0012290620500754995,0.14,17.562907488986784,Sữa Rửa Mặt Dành Cho Da Mụn Senka Perfect Whip Acne Care 100g,Sữa Rửa Mặt SENKA Cho Mọi Loại Da  Perfect Whip Facial Foam Wash Hasaki Sản phẩm chính hãng,SENKA,SENKA,True,76000.0,87000.0,0.10628282141211233
32,227,0.002212311690135899,0.168,17.147440860215056,Sữa rửa mặt làm sạch ngăn ngừa mụn từ trà xanh 3W CLINIC GREEN TEA CLEANSING FOAM,Sữa Rửa Mặt 3W Clinic 100ml Hàn Quốc,3W CLINIC,3W CLINIC,True,27900.0,25000.0,0.34015680418140254
227,32,0.002212311690135899,0.22580645161290322,17.147440860215053,Sữa Rửa Mặt 3W Clinic 100ml Hàn Quốc,Sữa rửa mặt làm sạch ngăn ngừa mụn từ trà xanh 3W CLINIC GREEN TEA CLEANSING FOAM,3W CLINIC,3W CLINIC,True,25000.0,27900.0,0.34015680418140254
1612,1055,0.002106963514415142,0.10309278350515463,16.775846833578793,[ HB - Gift] Sữa rửa mặt loại bỏ mụn lá neem Himalaya Purifying Neem Face Wash 50ml,Sữa rửa mặt trắng da mịn màng Himalaya Clear Complexion Whitening Face Wash 150ml,Himalaya,Himalaya,True,65000.0,102000.0,0.32708185835430004
1055,1612,0.002106963514415142,0.34285714285714286,16.77584683357879,Sữa rửa mặt trắng da mịn màng Himalaya Clear Complexion Whitening Face Wash 150ml,[ HB - Gift] Sữa rửa mặt loại bỏ mụn lá neem Himalaya Purifying Neem Face Wash 50ml,Himalaya,Himalaya,True,102000.0,65000.0,0.32708185835430004
192,24,0.0011939459915019139,0.12363636363636364,16.765679653679655,[TIẾT KIỆM HƠN] Bộ 02 Sữa rửa mặt tạo bọt chiết xuất tơ tằm trắng Senka Perfect Whip 120g/chai,[MUA 1 TẶNG 1] Sữa rửa mặt dành cho da mụn Senka perfect whip acne care 100g,SENKA,SENKA,True,168000.0,147000.0,0.24473037930595815
24,192,0.0011939459915019139,0.1619047619047619,16.765679653679655,[MUA 1 TẶNG 1] Sữa rửa mặt dành cho da mụn Senka perfect whip acne care 100g,[TIẾT KIỆM HƠN] Bộ 02 Sữa rửa mặt tạo bọt chiết xuất tơ tằm trắng Senka Perfect Whip 120g/chai,SENKA,SENKA,True,147000.0,168000.0,0.24473037930595815
141,103,0.0015802226358113565,0.11335012594458438,16.72472298717062,"Sữa rửa mặt Ý Dĩ Hatomugi dưỡng ẩm, trắng da Moisturizing & Facial Washing 170g",Sữa rửa mặt KUMANO Hatomugi 130g dưỡng ẩm trắng da chiết xuất hạt ý dĩ Nhật - KONNI39,HATOMUGI,KUMANO,False,65000.0,52000.0,0.37459998721301
103,141,0.0015802226358113565,0.23316062176165803,16.72472298717062,Sữa rửa mặt KUMANO Hatomugi 130g dưỡng ẩm trắng da chiết xuất hạt ý dĩ Nhật - KONNI39,"Sữa rửa mặt Ý Dĩ Hatomugi dưỡng ẩm, trắng da Moisturizing & Facial Washing 170g",KUMANO,HATOMUGI,False,52000.0,65000.0,0.37459998721301
23,215,0.0005969729957509569,0.16666666666666666,15.820555555555556,Sữa rửa mặt Hatomugi ý dĩ dưỡng ẩm trắng da Reihaku Cleansing Facial Foam Nhật Bản,Sữa rửa mặt Hatomugi hạt ý dĩ,HATOMUGI,HATOMUGI,True,59500.0,60000.0,0.1964164581409754
215,23,0.0005969729957509569,0.056666666666666664,15.820555555555556,Sữa rửa mặt Hatomugi hạt ý dĩ,Sữa rửa mặt Hatomugi ý dĩ dưỡng ẩm trắng da Reihaku Cleansing Facial Foam Nhật Bản,HATOMUGI,HATOMUGI,True,60000.0,59500.0,0.1964164581409754
1450,419,0.0010885978157811568,0.3069306930693069,15.777013260892877,Sữa rửa mặt giảm mụn Naruko Tea Tree Purifying Clay Mask and Cleanser in 1,(CHÍNH HÃNG - ĐÀI LOAN) SỮA RỬA MẶT NARUKO ĐẤT SÉT 3in1 TRÀM TRÀ,Naruko,Naruko,True,159000.0,159000.0,-0.14811803399645013
419,1450,0.0010885978157811568,0.05595667870036101,15.777013260892875,(CHÍNH HÃNG - ĐÀI LOAN) SỮA RỬA MẶT NARUKO ĐẤT SÉT 3in1 TRÀM TRÀ,Sữa rửa mặt giảm mụn Naruko Tea Tree Purifying Clay Mask and Cleanser in 1,Naruko,Naruko,True,159000.0,159000.0,-0.14811803399645013
298,53,0.0005267408786037855,0.1744186046511628,14.78249584717608,💦Sữa rửa mặt Hazeline,Sữa rửa mặt Hazeline Chiết Xuất Thiên Nhiên 100g,HAZELINE,no_brand,False,37750.0,52000.0,0.11141178488480584
612,658,0.001509990518664185,0.11345646437994723,14.75296683172492,Sữa rửa mặt dạng gel COSRX 50ml chiết xuất trà xanh độ pH thấp cho buổi sáng,Sữa rửa mặt COSRX Salicylic Axit 0.5% 150ml tái tạo da hiệu quả,COSRX,COSRX,True,90000.0,125905.0,0.4121977277459573
658,612,0.001509990518664185,0.1963470319634703,14.752966831724917,Sữa rửa mặt COSRX Salicylic Axit 0.5% 150ml tái tạo da hiệu quả,Sữa rửa mặt dạng gel COSRX 50ml chiết xuất trà xanh độ pH thấp cho buổi sáng,COSRX,COSRX,True,125905.0,90000.0,0.4121977277459573
1055,361,0.002247427748709485,0.3657142857142857,14.484625471885556,Sữa rửa mặt trắng da mịn màng Himalaya Clear Complexion Whitening Face Wash 150ml,Sữa rửa mặt giảm mụn mờ thâm và sạch dầu thừa Himalaya Purifying Neem Face Wash 150ml,Himalaya,Himalaya,True,102000.0,87000.0,0.0782805806040663
361,1055,0.002247427748709485,0.0890125173852573,14.484625471885554,Sữa rửa mặt giảm mụn mờ thâm và sạch dầu thừa Himalaya Purifying Neem Face Wash 150ml,Sữa rửa mặt trắng da mịn màng Himalaya Clear Complexion Whitening Face Wash 150ml,Himalaya,Himalaya,True,87000.0,102000.0,0.0782805806040663
72,32,0.0009481335814868139,0.1836734693877551,13.947918367346938,Sữa Rửa Mặt 3W Clinic Hàn Quốc 100ml,Sữa rửa mặt làm sạch ngăn ngừa mụn từ trà xanh 3W CLINIC GREEN TEA CLEANSING FOAM,3W CLINIC,3W CLINIC,True,25500.0,27900.0,0.41708474802969286
32,72,0.0009481335814868139,0.072,13.947918367346938,Sữa rửa mặt làm sạch ngăn ngừa mụn từ trà xanh 3W CLINIC GREEN TEA CLEANSING FOAM,Sữa Rửa Mặt 3W Clinic Hàn Quốc 100ml,3W CLINIC,3W CLINIC,True,27900.0,25500.0,0.41708474802969286
441,192,0.0022825438072830704,0.12922465208747516,13.381565154527381,Sữa rửa mặt Sạch sâu Sáng hồng Senka Perfect Whip Berry Bright 100g,[TIẾT KIỆM HƠN] Bộ 02 Sữa rửa mặt tạo bọt chiết xuất tơ tằm trắng Senka Perfect Whip 120g/chai,SENKA,SENKA,True,79000.0,168000.0,0.2768777056913933
192,441,0.0022825438072830704,0.23636363636363636,13.38156515452738,[TIẾT KIỆM HƠN] Bộ 02 Sữa rửa mặt tạo bọt chiết xuất tơ tằm trắng Senka Perfect Whip 120g/chai,Sữa rửa mặt Sạch sâu Sáng hồng Senka Perfect Whip Berry Bright 100g,SENKA,SENKA,True,168000.0,79000.0,0.2768777056913933
622,183,0.0014397584015170138,0.2303370786516854,13.144907793114319,[BẢN ĐÀI] Sữa rửa mặt dạng bùn Naruko trà tràm Tea Tree Purifying Clay Mask and Cleanser in 1 120 gr,Sữa rửa mặt dạng bùn Naruko trà tràm Tea Tree Purifying Clay Mask and Cleanser in 1 120 gr,Naruko,Naruko,True,160000.0,185000.0,0.35151237495487975
183,622,0.0014397584015170138,0.08216432865731463,13.144907793114317,Sữa rửa mặt dạng bùn Naruko trà tràm Tea Tree Purifying Clay Mask and Cleanser in 1 120 gr,[BẢN ĐÀI] Sữa rửa mặt dạng bùn Naruko trà tràm Tea Tree Purifying Clay Mask and Cleanser in 1 120 gr,Naruko,Naruko,True,185000.0,160000.0,0.35151237495487975
103,353,0.0005618569371773712,0.08290155440414508,12.761013863604537,Sữa rửa mặt KUMANO Hatomugi 130g dưỡng ẩm trắng da chiết xuất hạt ý dĩ Nhật - KONNI39,Sữa Rửa Mặt Làm Sáng Da Reihaku Hatomugi Facial Foam 170g,KUMANO,Reihaku,False,52000.0,62000.0,-0.06562253980748901
353,103,0.0005618569371773712,0.08648648648648649,12.761013863604537,Sữa Rửa Mặt Làm Sáng Da Reihaku Hatomugi Facial Foam 170g,Sữa rửa mặt KUMANO Hatomugi 130g dưỡng ẩm trắng da chiết xuất hạt ý dĩ Nhật - KONNI39,Reihaku,KUMANO,False,62000.0,52000.0,-0.06562253980748901
179,432,0.0023176598658566565,0.2214765100671141,12.664631681086764,Sữa Rửa Mặt Hada Labo Sữa chính hãng công ty 80g,(80g) Sữa Rửa Mặt HADA LABO Chính Hãng Công Ty Mẫu Mới,Hada Labo,Hada Labo,True,66500.0,74000.0,0.20501947639601203
432,179,0.0023176598658566565,0.13253012048192772,12.664631681086764,(80g) Sữa Rửa Mặt HADA LABO Chính Hãng Công Ty Mẫu Mới,Sữa Rửa Mặt Hada Labo Sữa chính hãng công ty 80g,Hada Labo,Hada Labo,True,74000.0,66500.0,0.20501947639601203
159,259,0.0013695262843698424,0.1482889733840304,10.996940351711027,Combo Simple Tẩy trang 200ml + Sữa rửa mặt 150ml + Nước hoa hồng 200ml cho da sạch khỏe đàn hồi [CHÍNH HÃNG ĐỘC QUYỀN],Combo Simple Tẩy trang Micellar 200ml + Sữa rửa mặt 150ml + Nước hoa hồng 200ml ngừa mụn hiệu quả [CHÍNH HÃNG ĐỘC QUYỀN],simple,simple,True,213000.0,399000.0,0.3722746292183726
259,159,0.0013695262843698424,0.1015625,10.996940351711027,Combo Simple Tẩy trang Micellar 200ml + Sữa rửa mặt 150ml + Nước hoa hồng 200ml ngừa mụn hiệu quả [CHÍNH HÃNG ĐỘC QUYỀN],Combo Simple Tẩy trang 200ml + Sữa rửa mặt 150ml + Nước hoa hồng 200ml cho da sạch khỏe đàn hồi [CHÍNH HÃNG ĐỘC QUYỀN],simple,simple,True,399000.0,213000.0,0.3722746292183726
206,50,0.0032657934473434703,0.19829424307036247,10.735409049267513,[Mã COSACD10 giảm 10% đơn 600K] Bộ sản phẩm làm sạch và bảo vệ da dầu nhạy cảm La RochePosay Effaclar Gel,[Mã COSACD10 giảm 10% đơn 600K] Gel rửa mặt tạo bọt cho da dầu nhạy cảm La RochePosay 400ml,La Roche-Posay,La Roche-Posay,True,489000.0,489000.0,0.3718312860703308
50,206,0.0032657934473434703,0.17680608365019013,10.735409049267513,[Mã COSACD10 giảm 10% đơn 600K] Gel rửa mặt tạo bọt cho da dầu nhạy cảm La RochePosay 400ml,[Mã COSACD10 giảm 10% đơn 600K] Bộ sản phẩm làm sạch và bảo vệ da dầu nhạy cảm La RochePosay Effaclar Gel,La Roche-Posay,La Roche-Posay,True,489000.0,489000.0,0.3718312860703308
344,555,0.002949748920181199,0.1721311475409836,10.21203893442623,Gel rửa mặt SVR Sebiaclear Gel Moussant không có xà phòng 55/200/400 ml,Gel rửa mặt SVR Sebiaclear/ Topialyse Gel Moussant làm sạch và loại bỏ tế bào da chết 55ml,SVR,SVR,True,442000.0,108000.0,0.29579310991454316
555,344,0.002949748920181199,0.175,10.212038934426229,Gel rửa mặt SVR Sebiaclear/ Topialyse Gel Moussant làm sạch và loại bỏ tế bào da chết 55ml,Gel rửa mặt SVR Sebiaclear Gel Moussant không có xà phòng 55/200/400 ml,SVR,SVR,True,108000.0,442000.0,0.29579310991454316
353,141,0.0009130175229132283,0.14054054054054055,10.08104023418885,Sữa Rửa Mặt Làm Sáng Da Reihaku Hatomugi Facial Foam 170g,"Sữa rửa mặt Ý Dĩ Hatomugi dưỡng ẩm, trắng da Moisturizing & Facial Washing 170g",Reihaku,HATOMUGI,False,62000.0,65000.0,0.040567469439401246
141,353,0.0009130175229132283,0.0654911838790932,10.081040234188848,"Sữa rửa mặt Ý Dĩ Hatomugi dưỡng ẩm, trắng da Moisturizing & Facial Washing 170g",Sữa Rửa Mặt Làm Sáng Da Reihaku Hatomugi Facial Foam 170g,HATOMUGI,Reihaku,False,65000.0,62000.0,0.040567469439401246
1,0,0.002142079572988728,0.11663479923518165,10.034468815166973,Sữa rửa mặt Simple giúp kiềm dầu và ngừa mụn hiệu quả - cho da dầu mụn 150ml [CHÍNH HÃNG ĐỘC QUYỀN] [DIỆN MẠO MỚI],Sữa rửa mặt Simple lành tính sạch thoáng - cho da nhạy cảm 150ml [CHÍNH HÃNG ĐỘC QUYỀN] [DIỆN MẠO MỚI],simple,simple,True,99000.0,99000.0,0.36105347782385916
0,1,0.002142079572988728,0.18429003021148035,10.03446881516697,Sữa rửa mặt Simple lành tính sạch thoáng - cho da nhạy cảm 150ml [CHÍNH HÃNG ĐỘC QUYỀN] [DIỆN MẠO MỚI],Sữa rửa mặt Simple giúp kiềm dầu và ngừa mụn hiệu quả - cho da dầu mụn 150ml [CHÍNH HÃNG ĐỘC QUYỀN] [DIỆN MẠO MỚI],simple,simple,True,99000.0,99000.0,0.36105347782385916
495,62,0.0028795168030340277,0.20918367346938777,9.701829754703185,"Sữa rửa mặt - Gel NO PROBLEM Compliment chứa Tea Tree Salicylic Acid,giảm viêm , mụn",[Bạn mới nhập COSHBM -50% đơn 0Đ] Gel Rửa Mặt Compliment No Problem Cho Da Nhờn Mụn,no_brand,no_brand,True,101000.0,102500.0,0.3597258648254254
62,495,0.0028795168030340277,0.13355048859934854,9.701829754703184,[Bạn mới nhập COSHBM -50% đơn 0Đ] Gel Rửa Mặt Compliment No Problem Cho Da Nhờn Mụn,"Sữa rửa mặt - Gel NO PROBLEM Compliment chứa Tea Tree Salicylic Acid,giảm viêm , mụn",no_brand,no_brand,True,102500.0,101000.0,0.3597258648254254
622,419,0.0011588299329283282,0.1853932584269663,9.529681985965198,[BẢN ĐÀI] Sữa rửa mặt dạng bùn Naruko trà tràm Tea Tree Purifying Clay Mask and Cleanser in 1 120 gr,(CHÍNH HÃNG - ĐÀI LOAN) SỮA RỬA MẶT NARUKO ĐẤT SÉT 3in1 TRÀM TRÀ,Naruko,Naruko,True,160000.0,159000.0,0.2803705128370538
419,622,0.0011588299329283282,0.05956678700361011,9.529681985965198,(CHÍNH HÃNG - ĐÀI LOAN) SỮA RỬA MẶT NARUKO ĐẤT SÉT 3in1 TRÀM TRÀ,[BẢN ĐÀI] Sữa rửa mặt dạng bùn Naruko trà tràm Tea Tree Purifying Clay Mask and Cleanser in 1 120 gr,Naruko,Naruko,True,159000.0,160000.0,0.2803705128370538
1,259,0.002352775924430242,0.12810707456978968,9.500273860739325,Sữa rửa mặt Simple giúp kiềm dầu và ngừa mụn hiệu quả - cho da dầu mụn 150ml [CHÍNH HÃNG ĐỘC QUYỀN] [DIỆN MẠO MỚI],Combo Simple Tẩy trang Micellar 200ml + Sữa rửa mặt 150ml + Nước hoa hồng 200ml ngừa mụn hiệu quả [CHÍNH HÃNG ĐỘC QUYỀN],simple,simple,True,99000.0,399000.0,0.43088160868373143
259,1,0.002352775924430242,0.17447916666666666,9.500273860739323,Combo Simple Tẩy trang Micellar 200ml + Sữa rửa mặt 150ml + Nước hoa hồng 200ml ngừa mụn hiệu quả [CHÍNH HÃNG ĐỘC QUYỀN],Sữa rửa mặt Simple giúp kiềm dầu và ngừa mụn hiệu quả - cho da dầu mụn 150ml [CHÍNH HÃNG ĐỘC QUYỀN] [DIỆN MẠO MỚI],simple,simple,True,399000.0,99000.0,0.43088160868373143
183,419,0.0032306773887698843,0.1843687374749499,9.477019019989438,Sữa rửa mặt dạng bùn Naruko trà tràm Tea Tree Purifying Clay Mask and Cleanser in 1 120 gr,(CHÍNH HÃNG - ĐÀI LOAN) SỮA RỬA MẶT NARUKO ĐẤT SÉT 3in1 TRÀM TRÀ,Naruko,Naruko,True,185000.0,159000.0,0.040295893419020755
419,183,0.0032306773887698843,0.16606498194945848,9.477019019989438,(CHÍNH HÃNG - ĐÀI LOAN) SỮA RỬA MẶT NARUKO ĐẤT SÉT 3in1 TRÀM TRÀ,Sữa rửa mặt dạng bùn Naruko trà tràm Tea Tree Purifying Clay Mask and Cleanser in 1 120 gr,Naruko,Naruko,True,159000.0,185000.0,0.040295893419020755
59,260,0.0013695262843698424,0.07738095238095238,8.849708357238478,Sữa rửa mặt Wonder Bath PHA 5.5 tạo bọt dịu nhẹ - phù hợp ngay cả da nhạy cảm 130ml,Sữa Rửa Mặt Byvibes Wonder Bath PHA 5.5 Dịu Nhẹ 130ml,BYVIBES WONDER BATH,BYVIBES WONDER BATH,True,145000.0,145000.0,0.1191845039834529
260,59,0.0013695262843698424,0.1566265060240964,8.849708357238478,Sữa Rửa Mặt Byvibes Wonder Bath PHA 5.5 Dịu Nhẹ 130ml,Sữa rửa mặt Wonder Bath PHA 5.5 tạo bọt dịu nhẹ - phù hợp ngay cả da nhạy cảm 130ml,BYVIBES WONDER BATH,BYVIBES WONDER BATH,True,145000.0,145000.0,0.1191845039834529
156,404,0.0023176598658566565,0.118491921005386,8.69663514038757,"Gel rửa mặt BHA Compliment No Problem làm sạch sâu, giảm viêm & mụn 200ml","Gel rửa mặt BHA Compliment No Problem làm sạch sâu, giảm viêm & mụn 200ml",Compliment,Compliment,True,139000.0,157500.0,0.4890316032314866
404,156,0.0023176598658566565,0.17010309278350516,8.696635140387569,"Gel rửa mặt BHA Compliment No Problem làm sạch sâu, giảm viêm & mụn 200ml","Gel rửa mặt BHA Compliment No Problem làm sạch sâu, giảm viêm & mụn 200ml",Compliment,Compliment,True,157500.0,139000.0,0.4890316032314866
24,501,0.0005618569371773712,0.0761904761904762,8.678704761904763,[MUA 1 TẶNG 1] Sữa rửa mặt dành cho da mụn Senka perfect whip acne care 100g,Sữa Rửa Mặt Dành Cho Da Mụn Senka Perfect Whip Acne Care 100g,SENKA,SENKA,True,147000.0,76000.0,0.11513174092656568
501,24,0.0005618569371773712,0.064,8.678704761904761,Sữa Rửa Mặt Dành Cho Da Mụn Senka Perfect Whip Acne Care 100g,[MUA 1 TẶNG 1] Sữa rửa mặt dành cho da mụn Senka perfect whip acne care 100g,SENKA,SENKA,True,76000.0,147000.0,0.11513174092656568
674,555,0.0008427854057660568,0.14035087719298245,8.326608187134504,"Sữa Rửa Mặt SVR SEBIACLEAR Gel Moussant, làm sạch, tẩy tế bào chết SVR SEBIACLEAR Gel",Gel rửa mặt SVR Sebiaclear/ Topialyse Gel Moussant làm sạch và loại bỏ tế bào da chết 55ml,SVR,SVR,True,247500.0,108000.0,-0.08386184807295827
555,674,0.0008427854057660568,0.05,8.326608187134504,Gel rửa mặt SVR Sebiaclear/ Topialyse Gel Moussant làm sạch và loại bỏ tế bào da chết 55ml,"Sữa Rửa Mặt SVR SEBIACLEAR Gel Moussant, làm sạch, tẩy tế bào chết SVR SEBIACLEAR Gel",SVR,SVR,True,108000.0,247500.0,-0.08386184807295827
537,82,0.0024932401587245846,0.13976377952755906,8.206295153827421,MÃ FSSSBD29 giảm 15k đến 00h 29.4[HÀNG CHÍNH HÃNG] SỮA RỬA MẶT CETAPHIL,Cetaphil Sữa Rửa Mặt Gentle Skin Cleanser (mới),Cetaphil,Cetaphil,True,211000.0,345000.0,0.374397689697384
82,537,0.0024932401587245846,0.1463917525773196,8.206295153827421,Cetaphil Sữa Rửa Mặt Gentle Skin Cleanser (mới),MÃ FSSSBD29 giảm 15k đến 00h 29.4[HÀNG CHÍNH HÃNG] SỮA RỬA MẶT CETAPHIL,Cetaphil,Cetaphil,True,345000.0,211000.0,0.374397689697384
178,82,0.0009130175229132283,0.13471502590673576,7.909855242775493,Sữa Rửa Mặt Cetaphil Gentle Skin Cleanser 500ml,Cetaphil Sữa Rửa Mặt Gentle Skin Cleanser (mới),Cetaphil,Cetaphil,True,227000.0,345000.0,0.2750411409755972
82,178,0.0009130175229132283,0.05360824742268041,7.9098552427754925,Cetaphil Sữa Rửa Mặt Gentle Skin Cleanser (mới),Sữa Rửa Mặt Cetaphil Gentle Skin Cleanser 500ml,Cetaphil,Cetaphil,True,345000.0,227000.0,0.2750411409755972
495,354,0.001053481757207571,0.07653061224489796,7.839432535604169,"Sữa rửa mặt - Gel NO PROBLEM Compliment chứa Tea Tree Salicylic Acid,giảm viêm , mụn","Gel rửa mặt Compliment No Problem không làm khô da giảm viêm, mụn, sản phẩm cho da dầu, nhạy cảm hàng nội địa Nga 200ml",no_brand,no_brand,True,101000.0,107000.0,0.07048058547901126
354,495,0.001053481757207571,0.1079136690647482,7.8394325356041685,"Gel rửa mặt Compliment No Problem không làm khô da giảm viêm, mụn, sản phẩm cho da dầu, nhạy cảm hàng nội địa Nga 200ml","Sữa rửa mặt - Gel NO PROBLEM Compliment chứa Tea Tree Salicylic Acid,giảm viêm , mụn",no_brand,no_brand,True,107000.0,101000.0,0.07048058547901126
71,62,0.000702321171471714,0.16129032258064516,7.480561101187349,Sữa rửa mặt Compliment No Problem 200ml giúp làm sạch và giảm mụn,[Bạn mới nhập COSHBM -50% đơn 0Đ] Gel Rửa Mặt Compliment No Problem Cho Da Nhờn Mụn,Compliment,no_brand,False,95000.0,102500.0,-0.03256133302663523
76,62,0.0009130175229132283,0.15384615384615385,7.1353044349787025,"Sữa rửa mặt Compliment No Problem giảm viêm, ngừa mụn - 200ml",[Bạn mới nhập COSHBM -50% đơn 0Đ] Gel Rửa Mặt Compliment No Problem Cho Da Nhờn Mụn,Compliment,no_brand,False,88000.0,102500.0,-0.3473227709133866
729,156,0.0007374372300452997,0.13815789473684212,7.063415383161675,"Gel rửa mặt Bielenda Green Tea 200ml làm sạch sâu, kiềm dầu, giảm mụn","Gel rửa mặt BHA Compliment No Problem làm sạch sâu, giảm viêm & mụn 200ml",Bielenda,Compliment,False,180000.0,139000.0,0.3886913087699459
441,24,0.0009130175229132283,0.05168986083499006,7.009391271419104,Sữa rửa mặt Sạch sâu Sáng hồng Senka Perfect Whip Berry Bright 100g,[MUA 1 TẶNG 1] Sữa rửa mặt dành cho da mụn Senka perfect whip acne care 100g,SENKA,SENKA,True,79000.0,147000.0,0.1937023514344479
24,441,0.0009130175229132283,0.12380952380952381,7.009391271419104,[MUA 1 TẶNG 1] Sữa rửa mặt dành cho da mụn Senka perfect whip acne care 100g,Sữa rửa mặt Sạch sâu Sáng hồng Senka Perfect Whip Berry Bright 100g,SENKA,SENKA,True,147000.0,79000.0,0.1937023514344479
264,294,0.0010183656986339853,0.0821529745042493,6.983493298380618,"Sữa Rửa Mặt Dịu Nhẹ, Lành Tính Không Tạo Bọt Cetaphil Gentle Skin Cleanser",Sữa Rửa Mặt Dạng Gel Cosrx Low pH Good Morning Gel Cleanser,Cetaphil,COSRX,False,241000.0,145000.0,0.27260771664270234
294,264,0.0010183656986339853,0.08656716417910448,6.983493298380618,Sữa Rửa Mặt Dạng Gel Cosrx Low pH Good Morning Gel Cleanser,"Sữa Rửa Mặt Dịu Nhẹ, Lành Tính Không Tạo Bọt Cetaphil Gentle Skin Cleanser",COSRX,Cetaphil,False,145000.0,241000.0,0.27260771664270234
264,29,0.0017206868701056994,0.1388101983002833,6.757090627345585,"Sữa Rửa Mặt Dịu Nhẹ, Lành Tính Không Tạo Bọt Cetaphil Gentle Skin Cleanser",Sữa Rửa Mặt Dịu Nhẹ Cetaphil Gentle Skin Cleanser Hasaki Sản phẩm chính hãng,Cetaphil,Cetaphil,True,241000.0,232500.0,0.3065418903127048
29,264,0.0017206868701056994,0.08376068376068375,6.757090627345584,Sữa Rửa Mặt Dịu Nhẹ Cetaphil Gentle Skin Cleanser Hasaki Sản phẩm chính hãng,"Sữa Rửa Mặt Dịu Nhẹ, Lành Tính Không Tạo Bọt Cetaphil Gentle Skin Cleanser",Cetaphil,Cetaphil,True,232500.0,241000.0,0.3065418903127048
1816,62,0.0005969729957509569,0.14285714285714285,6.625639832480223,"Gel rửa mặt Compliment No Problem giảm viêm, mụn",[Bạn mới nhập COSHBM -50% đơn 0Đ] Gel Rửa Mặt Compliment No Problem Cho Da Nhờn Mụn,no_brand,no_brand,True,125000.0,102500.0,0.35975508391121513
262,441,0.0007374372300452997,0.11413043478260869,6.4614162848992995,[ Mẫu mới 2021 ] Sữa rửa mặt tạo bọt chiết xuất tơ tằm trắng Senka Perfect Whip 120g,Sữa rửa mặt Sạch sâu Sáng hồng Senka Perfect Whip Berry Bright 100g,SENKA,SENKA,True,59000.0,79000.0,0.07768366174873309
152,441,0.0006320890543245427,0.11180124223602485,6.329550646431967,Sữa Rửa Mặt Senka Perfect Whip 100G & 120G,Sữa rửa mặt Sạch sâu Sáng hồng Senka Perfect Whip Berry Bright 100g,SENKA,SENKA,True,77000.0,79000.0,-0.02721332995314606
354,62,0.001299294167222671,0.13309352517985612,6.17280833313805,"Gel rửa mặt Compliment No Problem không làm khô da giảm viêm, mụn, sản phẩm cho da dầu, nhạy cảm hàng nội địa Nga 200ml",[Bạn mới nhập COSHBM -50% đơn 0Đ] Gel Rửa Mặt Compliment No Problem Cho Da Nhờn Mụn,no_brand,no_brand,True,107000.0,102500.0,0.044485735613222215
62,354,0.001299294167222671,0.06026058631921824,6.172808333138049,[Bạn mới nhập COSHBM -50% đơn 0Đ] Gel Rửa Mặt Compliment No Problem Cho Da Nhờn Mụn,"Gel rửa mặt Compliment No Problem không làm khô da giảm viêm, mụn, sản phẩm cho da dầu, nhạy cảm hàng nội địa Nga 200ml",no_brand,no_brand,True,102500.0,107000.0,0.044485735613222215
1067,359,0.0006672051128981283,0.06209150326797386,5.893932461873638,Sữa Rửa Mặt CERAVE Đủ Size Đủ Loại Cerave Foaming Facial Cleanser Chính Hãng Từ Mỹ Nhập Máy Bay Chất Lượng Tuyệt Hảo,[Bạn mới nhập COSHBM -50% đơn 0Đ] Sữa rửa mặt cerave foaming facial cleanser cho da dầu mụn nhạy cảm 473ml,CeraVe,CeraVe,True,425000.0,344000.0,0.5730751403782919
359,1067,0.0006672051128981283,0.06333333333333334,5.893932461873638,[Bạn mới nhập COSHBM -50% đơn 0Đ] Sữa rửa mặt cerave foaming facial cleanser cho da dầu mụn nhạy cảm 473ml,Sữa Rửa Mặt CERAVE Đủ Size Đủ Loại Cerave Foaming Facial Cleanser Chính Hãng Từ Mỹ Nhập Máy Bay Chất Lượng Tuyệt Hảo,CeraVe,CeraVe,True,344000.0,425000.0,0.5730751403782919
159,0,0.0006320890543245427,0.06844106463878327,5.88820603540372,Combo Simple Tẩy trang 200ml + Sữa rửa mặt 150ml + Nước hoa hồng 200ml cho da sạch khỏe đàn hồi [CHÍNH HÃNG ĐỘC QUYỀN],Sữa rửa mặt Simple lành tính sạch thoáng - cho da nhạy cảm 150ml [CHÍNH HÃNG ĐỘC QUYỀN] [DIỆN MẠO MỚI],simple,simple,True,213000.0,99000.0,0.3952392870529382
0,159,0.0006320890543245427,0.054380664652567974,5.888206035403719,Sữa rửa mặt Simple lành tính sạch thoáng - cho da nhạy cảm 150ml [CHÍNH HÃNG ĐỘC QUYỀN] [DIỆN MẠO MỚI],Combo Simple Tẩy trang 200ml + Sữa rửa mặt 150ml + Nước hoa hồng 200ml cho da sạch khỏe đàn hồi [CHÍNH HÃNG ĐỘC QUYỀN],simple,simple,True,99000.0,213000.0,0.3952392870529382
50,328,0.002106963514415142,0.11406844106463879,5.874009034715586,[Mã COSACD10 giảm 10% đơn 600K] Gel rửa mặt tạo bọt cho da dầu nhạy cảm La RochePosay 400ml,[Mã COSACD10 giảm 10% đơn 600K] Gel Rửa Mặt Tạo Bọt Làm Sạch Dành Cho Da Dầu Nhạy Cảm La Roche Posay Effaclar 50ml,La Roche-Posay,La Roche-Posay,True,489000.0,189000.0,0.37884223523751576
328,50,0.002106963514415142,0.10849909584086799,5.874009034715585,[Mã COSACD10 giảm 10% đơn 600K] Gel Rửa Mặt Tạo Bọt Làm Sạch Dành Cho Da Dầu Nhạy Cảm La Roche Posay Effaclar 50ml,[Mã COSACD10 giảm 10% đơn 600K] Gel rửa mặt tạo bọt cho da dầu nhạy cảm La RochePosay 400ml,La Roche-Posay,La Roche-Posay,True,189000.0,489000.0,0.37884223523751576
555,639,0.001509990518664185,0.08958333333333333,5.7198757473841555,Gel rửa mặt SVR Sebiaclear/ Topialyse Gel Moussant làm sạch và loại bỏ tế bào da chết 55ml,"Sữa rửa mặt SVR chứa PHA dành cho da hỗn hợp, da dầu mụn SVR Sebiaclear Gel Moussant 55ml",SVR,SVR,True,108000.0,119000.0,0.02056955716398297
639,555,0.001509990518664185,0.09641255605381166,5.7198757473841555,"Sữa rửa mặt SVR chứa PHA dành cho da hỗn hợp, da dầu mụn SVR Sebiaclear Gel Moussant 55ml",Gel rửa mặt SVR Sebiaclear/ Topialyse Gel Moussant làm sạch và loại bỏ tế bào da chết 55ml,SVR,SVR,True,119000.0,108000.0,0.02056955716398297
870,1067,0.0007725532886188855,0.06111111111111111,5.687127814088599,Sữa rửa mặt CeraVe 3oz,Sữa Rửa Mặt CERAVE Đủ Size Đủ Loại Cerave Foaming Facial Cleanser Chính Hãng Từ Mỹ Nhập Máy Bay Chất Lượng Tuyệt Hảo,CeraVe,CeraVe,True,159000.0,425000.0,0.22087571395847277
1067,870,0.0007725532886188855,0.0718954248366013,5.687127814088598,Sữa Rửa Mặt CERAVE Đủ Size Đủ Loại Cerave Foaming Facial Cleanser Chính Hãng Từ Mỹ Nhập Máy Bay Chất Lượng Tuyệt Hảo,Sữa rửa mặt CeraVe 3oz,CeraVe,CeraVe,True,425000.0,159000.0,0.22087571395847277
51,602,0.0014748744600905994,0.07939508506616257,5.61025766111442,Sữa Rửa Mặt HadaLabo Advanced Nourish Hyaluron Cleanser 80g,"Sữa rửa mặt Hadalabo dưỡng ẩm, dưỡng trắng mờ nám, tàn nhang srm Hada Labo tuýp 80g",Hada Labo,Hada Labo,True,67500.0,71000.0,0.11100157408390393
602,51,0.0014748744600905994,0.10421836228287841,5.61025766111442,"Sữa rửa mặt Hadalabo dưỡng ẩm, dưỡng trắng mờ nám, tàn nhang srm Hada Labo tuýp 80g",Sữa Rửa Mặt HadaLabo Advanced Nourish Hyaluron Cleanser 80g,Hada Labo,Hada Labo,True,71000.0,67500.0,0.11100157408390393
805,672,0.0006672051128981283,0.10215053763440861,5.604895684422069,"Sữa rửa mặt Cerave 236ml, 355ml, 473ml cho da dầu, da khô - Cila House","Sữa rửa mặt La Roche-Posay Effaclar 50ml-400ml cho da dầu, mụn, nhạy cảm - Cila House",CeraVe,La Roche-Posay,False,329000.0,234000.0,0.28265209295527927
674,639,0.0005267408786037855,0.08771929824561403,5.600857524978365,"Sữa Rửa Mặt SVR SEBIACLEAR Gel Moussant, làm sạch, tẩy tế bào chết SVR SEBIACLEAR Gel","Sữa rửa mặt SVR chứa PHA dành cho da hỗn hợp, da dầu mụn SVR Sebiaclear Gel Moussant 55ml",SVR,SVR,True,247500.0,119000.0,0.21921857524284066
544,27,0.001299294167222671,0.057902973395931145,5.496343244653104,Sữa rửa mặt dịu nhẹ COSRX pH Good Morning Gel Cleanser 50ml/150ml,Gel rửa mặt Cosrx Low pH Good Morning Gel Cleanser,COSRX,COSRX,True,149000.0,69000.0,0.31435164799645005
27,544,0.001299294167222671,0.12333333333333334,5.4963432446531035,Gel rửa mặt Cosrx Low pH Good Morning Gel Cleanser,Sữa rửa mặt dịu nhẹ COSRX pH Good Morning Gel Cleanser 50ml/150ml,COSRX,COSRX,True,69000.0,149000.0,0.31435164799645005
35,672,0.0011588299329283282,0.09763313609467456,5.357030475082943,Sữa rửa mặt da dầu mụn La Roche Posay Effaclar Purifying Foaming Gel Cleanser,"Sữa rửa mặt La Roche-Posay Effaclar 50ml-400ml cho da dầu, mụn, nhạy cảm - Cila House",La Roche-Posay,La Roche-Posay,True,335000.0,234000.0,0.3630003578915186
672,35,0.0011588299329283282,0.06358381502890173,5.357030475082942,"Sữa rửa mặt La Roche-Posay Effaclar 50ml-400ml cho da dầu, mụn, nhạy cảm - Cila House",Sữa rửa mặt da dầu mụn La Roche Posay Effaclar Purifying Foaming Gel Cleanser,La Roche-Posay,La Roche-Posay,True,234000.0,335000.0,0.3630003578915186
397,1067,0.0008427854057660568,0.055944055944055944,5.206270853329677,Sữa rửa mặt Cerave Foaming Facial Cleanser bản Mỹ (Pháp) ANVISHOP Cerave da dầu & Da Khô các size 236ml - 355ml - 473ml,Sữa Rửa Mặt CERAVE Đủ Size Đủ Loại Cerave Foaming Facial Cleanser Chính Hãng Từ Mỹ Nhập Máy Bay Chất Lượng Tuyệt Hảo,CeraVe,CeraVe,True,372500.0,425000.0,0.33863842786165627
1067,397,0.0008427854057660568,0.0784313725490196,5.206270853329676,Sữa Rửa Mặt CERAVE Đủ Size Đủ Loại Cerave Foaming Facial Cleanser Chính Hãng Từ Mỹ Nhập Máy Bay Chất Lượng Tuyệt Hảo,Sữa rửa mặt Cerave Foaming Facial Cleanser bản Mỹ (Pháp) ANVISHOP Cerave da dầu & Da Khô các size 236ml - 355ml - 473ml,CeraVe,CeraVe,True,425000.0,372500.0,0.33863842786165627
13,294,0.0007374372300452997,0.059322033898305086,5.04272704275234,"Gel Rửa Mặt Cosrx Tràm Trà, 0.5% BHA Độ pH Thấp Low pH Good Morning Gel Cleanser 150ml - Hasaki - Sản phẩm chính hãng",Sữa Rửa Mặt Dạng Gel Cosrx Low pH Good Morning Gel Cleanser,COSRX,COSRX,True,130000.0,145000.0,0.34260779661347673
294,13,0.0007374372300452997,0.0626865671641791,5.04272704275234,Sữa Rửa Mặt Dạng Gel Cosrx Low pH Good Morning Gel Cleanser,"Gel Rửa Mặt Cosrx Tràm Trà, 0.5% BHA Độ pH Thấp Low pH Good Morning Gel Cleanser 150ml - Hasaki - Sản phẩm chính hãng",COSRX,COSRX,True,145000.0,130000.0,0.34260779661347673
256,516,0.0011588299329283282,0.05172413793103448,4.602963362068966,Sữa rửa mặt Cosrx Low pH Good Morning Gel Cleanser,Sữa rửa mặt CeraVe (Mỹ-Pháp),COSRX,CeraVe,False,112000.0,332000.0,0.17712952898771447
516,256,0.0011588299329283282,0.103125,4.602963362068965,Sữa rửa mặt CeraVe (Mỹ-Pháp),Sữa rửa mặt Cosrx Low pH Good Morning Gel Cleanser,CeraVe,COSRX,False,332000.0,112000.0,0.17712952898771447
344,639,0.0011939459915019139,0.06967213114754098,4.448549952216423,Gel rửa mặt SVR Sebiaclear Gel Moussant không có xà phòng 55/200/400 ml,"Sữa rửa mặt SVR chứa PHA dành cho da hỗn hợp, da dầu mụn SVR Sebiaclear Gel Moussant 55ml",SVR,SVR,True,442000.0,119000.0,0.11802370534342717
639,344,0.0011939459915019139,0.07623318385650224,4.448549952216422,"Sữa rửa mặt SVR chứa PHA dành cho da hỗn hợp, da dầu mụn SVR Sebiaclear Gel Moussant 55ml",Gel rửa mặt SVR Sebiaclear Gel Moussant không có xà phòng 55/200/400 ml,SVR,SVR,True,119000.0,442000.0,0.11802370534342717
870,256,0.0012290620500754995,0.09722222222222222,4.339494078718217,Sữa rửa mặt CeraVe 3oz,Sữa rửa mặt Cosrx Low pH Good Morning Gel Cleanser,CeraVe,COSRX,False,159000.0,112000.0,0.22127383772178535
256,870,0.0012290620500754995,0.054858934169279,4.339494078718217,Sữa rửa mặt Cosrx Low pH Good Morning Gel Cleanser,Sữa rửa mặt CeraVe 3oz,COSRX,CeraVe,False,112000.0,159000.0,0.22127383772178535
294,446,0.0006320890543245427,0.05373134328358209,4.322337465216291,Sữa Rửa Mặt Dạng Gel Cosrx Low pH Good Morning Gel Cleanser,Sữa Rửa Mặt Dạng Gel Cosrx Low pH Good Morning Gel Cleanser,COSRX,COSRX,True,145000.0,88000.0,0.08769677346186523
446,294,0.0006320890543245427,0.05084745762711865,4.322337465216291,Sữa Rửa Mặt Dạng Gel Cosrx Low pH Good Morning Gel Cleanser,Sữa Rửa Mặt Dạng Gel Cosrx Low pH Good Morning Gel Cleanser,COSRX,COSRX,True,88000.0,145000.0,0.08769677346186523
446,13,0.0006672051128981283,0.05367231638418079,4.317589134667561,Sữa Rửa Mặt Dạng Gel Cosrx Low pH Good Morning Gel Cleanser,"Gel Rửa Mặt Cosrx Tràm Trà, 0.5% BHA Độ pH Thấp Low pH Good Morning Gel Cleanser 150ml - Hasaki - Sản phẩm chính hãng",COSRX,COSRX,True,88000.0,130000.0,0.18684820516819578
13,446,0.0006672051128981283,0.05367231638418079,4.317589134667561,"Gel Rửa Mặt Cosrx Tràm Trà, 0.5% BHA Độ pH Thấp Low pH Good Morning Gel Cleanser 150ml - Hasaki - Sản phẩm chính hãng",Sữa Rửa Mặt Dạng Gel Cosrx Low pH Good Morning Gel Cleanser,COSRX,COSRX,True,130000.0,88000.0,0.18684820516819578
206,328,0.0013695262843698424,0.08315565031982942,4.282140061768142,[Mã COSACD10 giảm 10% đơn 600K] Bộ sản phẩm làm sạch và bảo vệ da dầu nhạy cảm La RochePosay Effaclar Gel,[Mã COSACD10 giảm 10% đơn 600K] Gel Rửa Mặt Tạo Bọt Làm Sạch Dành Cho Da Dầu Nhạy Cảm La Roche Posay Effaclar 50ml,La Roche-Posay,La Roche-Posay,True,489000.0,189000.0,0.4555371338959437
328,206,0.0013695262843698424,0.0705244122965642,4.282140061768142,[Mã COSACD10 giảm 10% đơn 600K] Gel Rửa Mặt Tạo Bọt Làm Sạch Dành Cho Da Dầu Nhạy Cảm La Roche Posay Effaclar 50ml,[Mã COSACD10 giảm 10% đơn 600K] Bộ sản phẩm làm sạch và bảo vệ da dầu nhạy cảm La RochePosay Effaclar Gel,La Roche-Posay,La Roche-Posay,True,189000.0,489000.0,0.4555371338959437
165,106,0.0007725532886188855,0.06358381502890173,4.270462973061402,"Sữa rửa mặt dịu nhẹ cho da dầu mụn, da nhạy cảm Grace Face dạng gel pH 5.56 200ml",Sữa rửa mặt BREYLEE cải thiện da mụn đầu đen kiềm dầu làm sạch da 100g,GRACE FACE,BREYLEE,False,129000.0,159600.0,0.14476611479293994
106,165,0.0007725532886188855,0.05188679245283019,4.270462973061402,Sữa rửa mặt BREYLEE cải thiện da mụn đầu đen kiềm dầu làm sạch da 100g,"Sữa rửa mặt dịu nhẹ cho da dầu mụn, da nhạy cảm Grace Face dạng gel pH 5.56 200ml",BREYLEE,GRACE FACE,False,159600.0,129000.0,0.14476611479293994
179,193,0.0009481335814868139,0.09060402684563758,4.257641703767692,Sữa Rửa Mặt Hada Labo Sữa chính hãng công ty 80g,Kem Rửa Mặt Dưỡng Ẩm Cho Mọi Loại Da Hada Labo Advanced Nourish Cream Cleanser 80g dưỡng ẩm tối ưu - Hasaki,Hada Labo,Hada Labo,True,66500.0,58000.0,0.44365312138337637
89,202,0.0006320890543245427,0.05187319884726225,4.0919475999265575,Sữa rửa mặt dành cho da mụn innisfree Bija Trouble Facial Foam 150g,Sữa Rửa Mặt Innisfree Cleansing Foam 150ml,Innisfree,Innisfree,True,178500.0,167000.0,0.0013160936153833412
612,519,0.0007725532886188855,0.05804749340369393,3.9545896403277325,Sữa rửa mặt dạng gel COSRX 50ml chiết xuất trà xanh độ pH thấp cho buổi sáng,Sữa Rửa Mặt Cosrx Low pH Good Morning Gel Cleanser 150ml,COSRX,COSRX,True,90000.0,149000.0,0.44924276665573964
519,612,0.0007725532886188855,0.05263157894736842,3.954589640327732,Sữa Rửa Mặt Cosrx Low pH Good Morning Gel Cleanser 150ml,Sữa rửa mặt dạng gel COSRX 50ml chiết xuất trà xanh độ pH thấp cho buổi sáng,COSRX,COSRX,True,149000.0,90000.0,0.44924276665573964
1,204,0.0012290620500754995,0.06692160611854685,3.8892379131384867,Sữa rửa mặt Simple giúp kiềm dầu và ngừa mụn hiệu quả - cho da dầu mụn 150ml [CHÍNH HÃNG ĐỘC QUYỀN] [DIỆN MẠO MỚI],SỮA RỬA MẶT SIMPLE GIÚP DƯỠNG ẨM CHO DA TRÔNG KHỎE VÀ MỊN MÀNG 150ML [CHÍNH HÃNG ĐỘC QUYỀN] [DIỆN MẠO MỚI],simple,simple,True,99000.0,98000.0,0.43757009153665183
204,1,0.0012290620500754995,0.07142857142857142,3.889237913138486,SỮA RỬA MẶT SIMPLE GIÚP DƯỠNG ẨM CHO DA TRÔNG KHỎE VÀ MỊN MÀNG 150ML [CHÍNH HÃNG ĐỘC QUYỀN] [DIỆN MẠO MỚI],Sữa rửa mặt Simple giúp kiềm dầu và ngừa mụn hiệu quả - cho da dầu mụn 150ml [CHÍNH HÃNG ĐỘC QUYỀN] [DIỆN MẠO MỚI],simple,simple,True,98000.0,99000.0,0.43757009153665183
13,108,0.0008427854057660568,0.06779661016949153,3.8459045175231275,"Gel Rửa Mặt Cosrx Tràm Trà, 0.5% BHA Độ pH Thấp Low pH Good Morning Gel Cleanser 150ml - Hasaki - Sản phẩm chính hãng",Sữa Rửa Mặt Cosrx Low pH Good Morning Gel Cleanser 150ml Chính Hãng,COSRX,COSRX,True,130000.0,135000.0,0.25622728777258635
178,29,0.0005267408786037855,0.07772020725388601,3.783313405075063,Sữa Rửa Mặt Cetaphil Gentle Skin Cleanser 500ml,Sữa Rửa Mặt Dịu Nhẹ Cetaphil Gentle Skin Cleanser Hasaki Sản phẩm chính hãng,Cetaphil,Cetaphil,True,227000.0,232500.0,0.3529104348744622
432,193,0.001404642342943428,0.08032128514056225,3.774437684732329,(80g) Sữa Rửa Mặt HADA LABO Chính Hãng Công Ty Mẫu Mới,Kem Rửa Mặt Dưỡng Ẩm Cho Mọi Loại Da Hada Labo Advanced Nourish Cream Cleanser 80g dưỡng ẩm tối ưu - Hasaki,Hada Labo,Hada Labo,True,74000.0,58000.0,0.09675007271833345
193,432,0.001404642342943428,0.066006600660066,3.7744376847323284,Kem Rửa Mặt Dưỡng Ẩm Cho Mọi Loại Da Hada Labo Advanced Nourish Cream Cleanser 80g dưỡng ẩm tối ưu - Hasaki,(80g) Sữa Rửa Mặt HADA LABO Chính Hãng Công Ty Mẫu Mới,Hada Labo,Hada Labo,True,58000.0,74000.0,0.09675007271833345
193,85,0.001545106577237771,0.07260726072607261,3.732196685372509,Kem Rửa Mặt Dưỡng Ẩm Cho Mọi Loại Da Hada Labo Advanced Nourish Cream Cleanser 80g dưỡng ẩm tối ưu - Hasaki,Gel Rửa Mặt Dành Cho Da Nhạy Cảm Simple Kind To Skin Refreshing Facial Wash Gel 150ml Hasaki Sản phẩm chính hãng,Hada Labo,simple,False,58000.0,99000.0,-0.0849201758129493
85,193,0.001545106577237771,0.07942238267148015,3.7321966853725086,Gel Rửa Mặt Dành Cho Da Nhạy Cảm Simple Kind To Skin Refreshing Facial Wash Gel 150ml Hasaki Sản phẩm chính hãng,Kem Rửa Mặt Dưỡng Ẩm Cho Mọi Loại Da Hada Labo Advanced Nourish Cream Cleanser 80g dưỡng ẩm tối ưu - Hasaki,simple,Hada Labo,False,99000.0,58000.0,-0.0849201758129493
99,237,0.0009481335814868139,0.05521472392638037,3.725947140406478,"Sữa Rửa Mặt Cosrx Low PH Good Morning Gel Cleanser, SRM COSRX Dạng Gel Chiết Từ Dầu Cây Trà "" OAM OFFICIAL""","Sữa Rửa Mặt Cosrx dạng gel, dịu nhẹ Low pH Good Morning Gel Cleanser 150ml",COSRX,COSRX,True,110000.0,124000.0,0.5243985884914792
237,99,0.0009481335814868139,0.06398104265402843,3.7259471404064777,"Sữa Rửa Mặt Cosrx dạng gel, dịu nhẹ Low pH Good Morning Gel Cleanser 150ml","Sữa Rửa Mặt Cosrx Low PH Good Morning Gel Cleanser, SRM COSRX Dạng Gel Chiết Từ Dầu Cây Trà "" OAM OFFICIAL""",COSRX,COSRX,True,124000.0,110000.0,0.5243985884914792
108,28,0.001404642342943428,0.0796812749003984,3.683577378796502,Sữa Rửa Mặt Cosrx Low pH Good Morning Gel Cleanser 150ml Chính Hãng,Sữa Rửa Mặt Dạng Gel Cosrx Low pH Good Morning Gel Cleanser,COSRX,COSRX,True,135000.0,103000.0,0.4916377886958437
28,108,0.001404642342943428,0.06493506493506493,3.683577378796502,Sữa Rửa Mặt Dạng Gel Cosrx Low pH Good Morning Gel Cleanser,Sữa Rửa Mặt Cosrx Low pH Good Morning Gel Cleanser 150ml Chính Hãng,COSRX,COSRX,True,103000.0,135000.0,0.4916377886958437
179,602,0.0005267408786037855,0.050335570469798654,3.556838809599147,Sữa Rửa Mặt Hada Labo Sữa chính hãng công ty 80g,"Sữa rửa mặt Hadalabo dưỡng ẩm, dưỡng trắng mờ nám, tàn nhang srm Hada Labo tuýp 80g",Hada Labo,Hada Labo,True,66500.0,71000.0,0.41697660032925377
51,193,0.001404642342943428,0.07561436672967864,3.553251355381285,Sữa Rửa Mặt HadaLabo Advanced Nourish Hyaluron Cleanser 80g,Kem Rửa Mặt Dưỡng Ẩm Cho Mọi Loại Da Hada Labo Advanced Nourish Cream Cleanser 80g dưỡng ẩm tối ưu - Hasaki,Hada Labo,Hada Labo,True,67500.0,58000.0,0.11171088472820094
193,51,0.001404642342943428,0.066006600660066,3.5532513553812843,Kem Rửa Mặt Dưỡng Ẩm Cho Mọi Loại Da Hada Labo Advanced Nourish Cream Cleanser 80g dưỡng ẩm tối ưu - Hasaki,Sữa Rửa Mặt HadaLabo Advanced Nourish Hyaluron Cleanser 80g,Hada Labo,Hada Labo,True,58000.0,67500.0,0.11171088472820094
359,397,0.0005618569371773712,0.05333333333333334,3.54026418026418,[Bạn mới nhập COSHBM -50% đơn 0Đ] Sữa rửa mặt cerave foaming facial cleanser cho da dầu mụn nhạy cảm 473ml,Sữa rửa mặt Cerave Foaming Facial Cleanser bản Mỹ (Pháp) ANVISHOP Cerave da dầu & Da Khô các size 236ml - 355ml - 473ml,CeraVe,CeraVe,True,344000.0,372500.0,0.28498001794845623
29,82,0.0012290620500754995,0.05982905982905983,3.5128910036126535,Sữa Rửa Mặt Dịu Nhẹ Cetaphil Gentle Skin Cleanser Hasaki Sản phẩm chính hãng,Cetaphil Sữa Rửa Mặt Gentle Skin Cleanser (mới),Cetaphil,Cetaphil,True,232500.0,345000.0,0.24422115789439894
82,29,0.0012290620500754995,0.07216494845360824,3.5128910036126526,Cetaphil Sữa Rửa Mặt Gentle Skin Cleanser (mới),Sữa Rửa Mặt Dịu Nhẹ Cetaphil Gentle Skin Cleanser Hasaki Sản phẩm chính hãng,Cetaphil,Cetaphil,True,345000.0,232500.0,0.24422115789439894
1,319,0.0009481335814868139,0.05162523900573614,3.2525042724919206,Sữa rửa mặt Simple giúp kiềm dầu và ngừa mụn hiệu quả - cho da dầu mụn 150ml [CHÍNH HÃNG ĐỘC QUYỀN] [DIỆN MẠO MỚI],[Bạn mới nhập COSHBM -50% đơn 0Đ] [Loại 150ml] Sữa Rửa Mặt Simple Gel Kind To Skin Refreshing Facial Wash Gel,simple,no_brand,False,99000.0,109000.0,0.35188390045017
319,1,0.0009481335814868139,0.059734513274336286,3.25250427249192,[Bạn mới nhập COSHBM -50% đơn 0Đ] [Loại 150ml] Sữa Rửa Mặt Simple Gel Kind To Skin Refreshing Facial Wash Gel,Sữa rửa mặt Simple giúp kiềm dầu và ngừa mụn hiệu quả - cho da dầu mụn 150ml [CHÍNH HÃNG ĐỘC QUYỀN] [DIỆN MẠO MỚI],no_brand,simple,False,109000.0,99000.0,0.35188390045017
0,319,0.0005969729957509569,0.0513595166163142,3.235763174076946,Sữa rửa mặt Simple lành tính sạch thoáng - cho da nhạy cảm 150ml [CHÍNH HÃNG ĐỘC QUYỀN] [DIỆN MẠO MỚI],[Bạn mới nhập COSHBM -50% đơn 0Đ] [Loại 150ml] Sữa Rửa Mặt Simple Gel Kind To Skin Refreshing Facial Wash Gel,simple,no_brand,False,99000.0,109000.0,0.2727124138365763
28,663,0.0012641781086490853,0.05844155844155844,3.1639548664263493,Sữa Rửa Mặt Dạng Gel Cosrx Low pH Good Morning Gel Cleanser,Sữa Rửa Mặt Cosrx Low pH Good Morning Gel 150ml,COSRX,COSRX,True,103000.0,134000.0,0.18692539416999504
663,28,0.0012641781086490853,0.06844106463878327,3.1639548664263493,Sữa Rửa Mặt Cosrx Low pH Good Morning Gel 150ml,Sữa Rửa Mặt Dạng Gel Cosrx Low pH Good Morning Gel Cleanser,COSRX,COSRX,True,134000.0,103000.0,0.18692539416999504
0,204,0.0006320890543245427,0.054380664652567974,3.1604044639003637,Sữa rửa mặt Simple lành tính sạch thoáng - cho da nhạy cảm 150ml [CHÍNH HÃNG ĐỘC QUYỀN] [DIỆN MẠO MỚI],SỮA RỬA MẶT SIMPLE GIÚP DƯỠNG ẨM CHO DA TRÔNG KHỎE VÀ MỊN MÀNG 150ML [CHÍNH HÃNG ĐỘC QUYỀN] [DIỆN MẠO MỚI],simple,simple,True,99000.0,98000.0,0.3423317820715342
602,432,0.0007725532886188855,0.05459057071960298,3.121637916429988,"Sữa rửa mặt Hadalabo dưỡng ẩm, dưỡng trắng mờ nám, tàn nhang srm Hada Labo tuýp 80g",(80g) Sữa Rửa Mặt HADA LABO Chính Hãng Công Ty Mẫu Mới,Hada Labo,Hada Labo,True,71000.0,74000.0,0.12602388242856383
629,193,0.0005267408786037855,0.06607929515418502,3.1051816635408036,Sữa Rửa Mặt SENKA Cho Mọi Loại Da  Perfect Whip Facial Foam Wash Hasaki Sản phẩm chính hãng,Kem Rửa Mặt Dưỡng Ẩm Cho Mọi Loại Da Hada Labo Advanced Nourish Cream Cleanser 80g dưỡng ẩm tối ưu - Hasaki,SENKA,Hada Labo,False,87000.0,58000.0,0.013720746395503476
35,50,0.0006672051128981283,0.05621301775147929,3.043304384997863,Sữa rửa mặt da dầu mụn La Roche Posay Effaclar Purifying Foaming Gel Cleanser,[Mã COSACD10 giảm 10% đơn 600K] Gel rửa mặt tạo bọt cho da dầu nhạy cảm La RochePosay 400ml,La Roche-Posay,La Roche-Posay,True,335000.0,489000.0,0.46181108072387067
35,256,0.0008076693471924711,0.06804733727810651,3.037279033963384,Sữa rửa mặt da dầu mụn La Roche Posay Effaclar Purifying Foaming Gel Cleanser,Sữa rửa mặt Cosrx Low pH Good Morning Gel Cleanser,La Roche-Posay,COSRX,False,335000.0,112000.0,0.010961321111052994
62,156,0.0012641781086490853,0.05863192182410423,2.997596477172381,[Bạn mới nhập COSHBM -50% đơn 0Đ] Gel Rửa Mặt Compliment No Problem Cho Da Nhờn Mụn,"Gel rửa mặt BHA Compliment No Problem làm sạch sâu, giảm viêm & mụn 200ml",no_brand,Compliment,False,102500.0,139000.0,-0.0959529603387309
156,62,0.0012641781086490853,0.06463195691202872,2.997596477172381,"Gel rửa mặt BHA Compliment No Problem làm sạch sâu, giảm viêm & mụn 200ml",[Bạn mới nhập COSHBM -50% đơn 0Đ] Gel Rửa Mặt Compliment No Problem Cho Da Nhờn Mụn,Compliment,no_brand,False,139000.0,102500.0,-0.0959529603387309
544,663,0.0012290620500754995,0.054773082942097026,2.965348066429842,Sữa rửa mặt dịu nhẹ COSRX pH Good Morning Gel Cleanser 50ml/150ml,Sữa Rửa Mặt Cosrx Low pH Good Morning Gel 150ml,COSRX,COSRX,True,149000.0,134000.0,0.3660700964962963
663,544,0.0012290620500754995,0.06653992395437262,2.965348066429842,Sữa Rửa Mặt Cosrx Low pH Good Morning Gel 150ml,Sữa rửa mặt dịu nhẹ COSRX pH Good Morning Gel Cleanser 50ml/150ml,COSRX,COSRX,True,134000.0,149000.0,0.3660700964962963
31,537,0.0005618569371773712,0.05263157894736842,2.9503729796933276,SỮA RỬA MẶT GAMMAPHIL 500ml,MÃ FSSSBD29 giảm 15k đến 00h 29.4[HÀNG CHÍNH HÃNG] SỮA RỬA MẶT CETAPHIL,no_brand,Cetaphil,False,119000.0,211000.0,0.17834176265722362
446,256,0.0008076693471924711,0.06497175141242938,2.9000008855356603,Sữa Rửa Mặt Dạng Gel Cosrx Low pH Good Morning Gel Cleanser,Sữa rửa mặt Cosrx Low pH Good Morning Gel Cleanser,COSRX,COSRX,True,88000.0,112000.0,0.20865324902777674
13,28,0.0007725532886188855,0.062146892655367235,2.8729822437449557,"Gel Rửa Mặt Cosrx Tràm Trà, 0.5% BHA Độ pH Thấp Low pH Good Morning Gel Cleanser 150ml - Hasaki - Sản phẩm chính hãng",Sữa Rửa Mặt Dạng Gel Cosrx Low pH Good Morning Gel Cleanser,COSRX,COSRX,True,130000.0,103000.0,0.30416657995457314
319,85,0.0008779014643396425,0.05530973451327434,2.843060125874573,[Bạn mới nhập COSHBM -50% đơn 0Đ] [Loại 150ml] Sữa Rửa Mặt Simple Gel Kind To Skin Refreshing Facial Wash Gel,Gel Rửa Mặt Dành Cho Da Nhạy Cảm Simple Kind To Skin Refreshing Facial Wash Gel 150ml Hasaki Sản phẩm chính hãng,no_brand,simple,False,109000.0,99000.0,0.30637585503773046
108,663,0.0009130175229132283,0.05179282868525897,2.804000727129505,Sữa Rửa Mặt Cosrx Low pH Good Morning Gel Cleanser 150ml Chính Hãng,Sữa Rửa Mặt Cosrx Low pH Good Morning Gel 150ml,COSRX,COSRX,True,135000.0,134000.0,0.2938094952787181
720,28,0.0006320890543245427,0.06040268456375839,2.7923494290943953,Sữa Rửa Mặt Cosrx Low pH Good Morning Gel Cleanser - Gel rửa mặt Cosrx tràm trà dịu nhẹ 150ml,Sữa Rửa Mặt Dạng Gel Cosrx Low pH Good Morning Gel Cleanser,COSRX,COSRX,True,250000.0,103000.0,0.5294255862462819
256,544,0.0013695262843698424,0.061128526645768025,2.724189441770792,Sữa rửa mặt Cosrx Low pH Good Morning Gel Cleanser,Sữa rửa mặt dịu nhẹ COSRX pH Good Morning Gel Cleanser 50ml/150ml,COSRX,COSRX,True,112000.0,149000.0,0.41354833363185506
544,256,0.0013695262843698424,0.06103286384976526,2.724189441770792,Sữa rửa mặt dịu nhẹ COSRX pH Good Morning Gel Cleanser 50ml/150ml,Sữa rửa mặt Cosrx Low pH Good Morning Gel Cleanser,COSRX,COSRX,True,149000.0,112000.0,0.41354833363185506
432,51,0.0008779014643396425,0.050200803212851405,2.702397491667995,(80g) Sữa Rửa Mặt HADA LABO Chính Hãng Công Ty Mẫu Mới,Sữa Rửa Mặt HadaLabo Advanced Nourish Hyaluron Cleanser 80g,Hada Labo,Hada Labo,True,74000.0,67500.0,0.1364534597360328
285,256,0.0008427854057660568,0.057692307692307696,2.5750843983602607,[Mã FMCGWATDEC1 giảm 8% đơn 250k] Gel Rửa Mặt Cosrx Good Morning Low PH Cleanser 150ml,Sữa rửa mặt Cosrx Low pH Good Morning Gel Cleanser,COSRX,COSRX,True,249000.0,112000.0,0.1776650797064058
13,29,0.0006320890543245427,0.05084745762711865,2.4751847023033466,"Gel Rửa Mặt Cosrx Tràm Trà, 0.5% BHA Độ pH Thấp Low pH Good Morning Gel Cleanser 150ml - Hasaki - Sản phẩm chính hãng",Sữa Rửa Mặt Dịu Nhẹ Cetaphil Gentle Skin Cleanser Hasaki Sản phẩm chính hãng,COSRX,Cetaphil,False,130000.0,232500.0,0.17140518853509584
404,62,0.000702321171471714,0.05154639175257732,2.3906947849155444,"Gel rửa mặt BHA Compliment No Problem làm sạch sâu, giảm viêm & mụn 200ml",[Bạn mới nhập COSHBM -50% đơn 0Đ] Gel Rửa Mặt Compliment No Problem Cho Da Nhờn Mụn,Compliment,no_brand,False,157500.0,102500.0,-0.06154878283127434
108,544,0.0009130175229132283,0.05179282868525897,2.3081445735056643,Sữa Rửa Mặt Cosrx Low pH Good Morning Gel Cleanser 150ml Chính Hãng,Sữa rửa mặt dịu nhẹ COSRX pH Good Morning Gel Cleanser 50ml/150ml,COSRX,COSRX,True,135000.0,149000.0,0.4504111681695078
13,256,0.0006320890543245427,0.05084745762711865,2.2695659104192125,"Gel Rửa Mặt Cosrx Tràm Trà, 0.5% BHA Độ pH Thấp Low pH Good Morning Gel Cleanser 150ml - Hasaki - Sản phẩm chính hãng",Sữa rửa mặt Cosrx Low pH Good Morning Gel Cleanser,COSRX,COSRX,True,130000.0,112000.0,0.18079656759389093
27,256,0.0005267408786037855,0.05,2.2317398119122256,Gel rửa mặt Cosrx Low pH Good Morning Gel Cleanser,Sữa rửa mặt Cosrx Low pH Good Morning Gel Cleanser,COSRX,COSRX,True,69000.0,112000.0,0.32705038786764395
