product_id,shop_id,product_name,ingredient,feature,skin_type,capacity,design,brand,expiry,origin
0,0,Sữa rửa mặt Simple lành tính sạch thoáng - cho da nhạy cảm 150ml [CHÍNH HÃNG ĐỘC QUYỀN] [DIỆN MẠO MỚI],x2 vitamin b5 vitamin e và pro amino acids,lành tính sạch thoáng cho da nhạy cảm,,,,simple,03 năm,poland
1,0,Sữa rửa mặt Simple giúp kiềm dầu và ngừa mụn hiệu quả - cho da dầu mụn 150ml [CHÍNH HÃNG ĐỘC QUYỀN] [DIỆN MẠO MỚI],"chiết xuất cây hazel, kẽm, vitamin b3","kiềm dầu, ngừa mụn, cân bằng độ ẩm",da dầu dễ nổi mụn,,,simple,03 năm kể từ ngày sản xuất,poland
2,1,"Sữa rửa mặt nam 30Shine phân phối chính hãng Skin&dr Tràm trà 80g cho da mụn, da dầu, dưỡng ẩm trắng da",chiết xuất từ cây tràm trà chứa axit và glycolic có trong cây đu đủ chứa axit aha bh,"làm sạch da hiệu quả, làm mờ vết thâm, giúp da sáng đều màu và khỏe mạnh rạng rỡ, làm sạch sâu, giúp lỗ chân lông thông thoáng, cân bằng ph cho da, hỗ trợ tái tạo làn da mới mịn màng tươi sáng, điều tiết dầu nhờn, giúp da thoáng sạch se khít lỗ chân lông, cấp ẩm duy trì sự mềm mại cho da, ngăn chặn khô bong tróc, có khả năng làm sạch lớp trang điểm trên da.","cho da mụn, da dầu",80g,tuýp nhựa mềm có nắp đậy,skin dr tràm trà,2 năm kể từ ngày sản xuất,hàn quốc
3,2,Sữa rửa mặt nam RHYS MAN Rhys Coconut Fresh hương dừa thơm mát 100ml,"chiết xuất lô hội, tinh chất dầu dừa, tinh dầu bạc hà","giúp làm sạch da, giảm nhờn và giữ ẩm, giảm mụn, se nhỏ lỗ chân lông, dưỡng ẩm và làm sáng da, loại sạch bụi bẩn và bã nhờn",,10 ml,,rhys man,2 năm kể từ ngày sản xuất,việt nam
4,3,🌈🍒🍭 Sữa Rửa Mặt Senana Lấy Sạch Bụi Bẩn Giúp Da Trắng Sáng-Y3-K6T3,,"dưỡng da ẩm mượt tươi trẻ, cấp nước",,60 g,tuýp nhỏ gọn,senana,,nội địa đài loan
5,4,Sữa Rửa Mặt Simple Refreshing Facial Wash 150ml kiềm dầu Giảm Mụn,,kiềm dầu giảm mụn,thích hợp cho mọi loại da,150 ml,sữa rửa mặt dạng gel,simple,,
6,5,Sữa Rửa Mặt Dạng Gel Simple Refreshing  – LQ154,,"khả năng làm sạch nhẹ nhàng, ngăn chặn tối đa sự hình thành của mụn trên da",,150 ml,dạng gel siêu mềm mịn với độ ph cân bằng,simple facial,,
7,6,"Sữa Rửa Mặt Simple Kind To Skin Refreshing Facial Wash, Kiềm Dầu, sạch Mụn 150ml","nước aqua, hoạt chất b5, hoạt chất thanh lọc bụi bẩn và làm dịu da","làm sạch da, lấy đi bụi bẩn và bã nhờn dư thừa, giảm nguy cơ hình thành mụn trứng cá và mụn đầu đen, mang lại làn da với lỗ chân lông thông thoáng","phù hợp với da thường, da hỗn hợp, da dầu, da mụn và đặc biệt là da nhạy cảm",150g,"chất gel trong suốt, hộp nhựa màu trắng đơn giản",simple,,
8,5,Sữa rửa mặt giảm nám và chống tàn nhang Đông Y Baizton da trắng sáng và dưỡng ẩm 60g,,giúp làm mờ các mảng nám tàn nhàng và thâm mụn hiệu quả hiệu quả đối với tất cả các loại nám từ nám mảng chân sâu và nám hỗn hợp nám mới hay lâu năm đều có hiệu quả khi sử dụng đủ liệu trình sản phẩm dưỡng da trắng sáng tự nhiên và đều màu cân bằng dầu nhờn diệt mụn liti mụn cám trên da se khít lỗ chân lông dưỡng ẩm dưỡng mịn và giảm nhăn vết chân chim trên da,,,,,,
9,7,Sữa Rửa Mặt SVR Sebiaclear Gel Moussant 400ml Gel Rửa Mặt SVR 400ml,,"làm sạch nhẹ nhàng, thông thoáng làn da, tạo bọt mịn, loại trừ chất bẩn và lượng bã nhờn dư thừa, sản phẩm phù hợp với da hỗn hợp đến da dầu, da mụn nhạy cảm, giảm viêm và tiêu sửng, giúp điều hòa lượng bã nhờn dư thừa cho làn da không bóng dầu, không chứa xà phòng, không chứa cồn, không chứa chất tạo màu, không chứa paraben, không gây dị ứng","da hỗn hợp đến da dầu, da mụn nhạy cảm",40ml,"dạng gel không chứa xà phòng, tạo bọt mịn, dễ dàng rửa sạch mà không nhờn rít da. đóng gói nhỏ gọn tiện dụng.",svr,,"thương hiệu pháp, sản xuất tại pháp"
10,8,[Chính Hãng] Sữa Rửa Mặt Simple Gel Kind To Skin Refreshing Facial Wash Gel 150ml,"nước tinh lọc 3 lần, vitamin, pro vitamin b5, vitamin e","làm sạch da, giữ ẩm, phục hồi, chống lão hóa","mọi loại da, đặc biệt là da nhạy cảm",,dạng gel,simple,,anh quốc
11,9,Sữa Rửa Mặt Làm Sạch Bio Sebium Moussant 200ml,làm sạch nhẹ nhàng hạn chế tiết bã nhờn ngăn ngừa bít lỗ chân lông an toàn cho da mặt và mắt hương thơm nhẹ không gây mụn không làm khô da không chứa xà phòng,,,,,,,
12,10,Sữa Rửa Mặt Simple Kind To Skin 150ml,,"làm sạch da, giảm nguy cơ mụn đầu đen và trứng cá, giữ ẩm cho da","thích hợp cho da thường, da hỗn hợp, da dầu, da mụn và da nhạy cảm",150 ml,chai nhựa,simple,,
13,11,"Gel Rửa Mặt Cosrx Tràm Trà, 0.5% BHA Độ pH Thấp Low pH Good Morning Gel Cleanser 150ml - Hasaki - Sản phẩm chính hãng","chiết xuất tràm trà, 0.5 bha tự nhiên, alantoin","làm sạch sâu lỗ chân lông, hỗ trợ kháng khuẩn, tẩy tế bào chết nhẹ nhàng, làm dịu da, giữ độ ẩm cân bằng tự nhiên cho da","phù hợp với mọi loại da, đặc biệt da nhạy cảm, da khô và da mụn",150 ml,dạng gel trong suốt và có khả năng tạo bọt nhẹ nhàng,cosrx,3 năm kể từ ngày sản xuất,hàn quốc
14,12,Sữa rửa mặt trà xanh mẫu mới,8 chiết xuất lá trà xanh tự nhiên nguyên chất giàu độ ẩm và các thành phần chống oxy hóa,"giúp làm sạch và loại bỏ cặn bẩn, làm mềm mại và căng mịn da, giúp ngăn ngừa và điều trị mụn hiệu quả",hầu hết các loại da kể cả da nhạy cảm,,,seedling,,
15,13,Sữa rửa mặt Samsara 100ml,công thức độc đáo,"loại bỏ các chất bụi bẩn từ tận sâu lỗ chân lông, ngăn ngừa tiềm ẩn sự hình thành mụn mới, giúp se lỗ chân lông, cải thiện da mịn màng sau khi hết mụn, giảm thiểu tác hại của ánh mặt trời với da, trắng hồng láng mịn",,,,samsara,,
16,14,Sữa rửa mặt Dr.Pepti GALACTO CLEANSING FOAM,chiết xuất từ thành phần thảo dược tự nhiên,làm sạch sâu da dịu nhẹ cho lỗ chân lông thông thoáng ngăn ngừa mụn điểm nổi bất nhất chính là giữ cho da có độ ẩm tự nhiên và dưỡng da trắn g sáng,phù hợp với mọi loại da đặc biệt phù hợp với da dầu và da nhờn kể cả làn da nhạy cảm và dễ kích ứng với mỹ phẩm,,,,,
17,15,sữa rửa mặt Sữa Rửa Mặt Dưỡng Ẩm Làm Trắng Da Axit Amin Axit Salicylic Kiểm Soát Dầu 500g Làm sạch sâu thu nhỏ lỗ chân l,cốt acid glycine dừa amide,"làm sạch sâu, cân bằng dầu mỡ, giữ ẩm và đàn hồi",,50 g,"thân mật, khóa xoay, đầu bơm thân mật",sparkles,,
18,16,Sữa Rửa Mặt Heyxi Chiết Xuất Lô Hội Làm Sạch Sâu Kiềm Dầu Dưỡng Ẩm Cho Nam Và Nữ HSRM2,lô hội,"làm sạch sâu, kiểm soát dầu, dưỡng ẩm","mọi loại da (nhờn, khô, nhạy cảm, hỗn hợp)",10g/ml,sữa rửa mặt gel,nội địa chất lượng cao,3 năm,
19,17,Sữa Rửa Mặt SVR Sebiaclear Gel Moussant Cho Da Dầu Mụn & Loại Bỏ Tế Bào Chết 55ml 200ml 400ml Chính Hãng,,loại bỏ tế bào chết,cho da dầu mụn,20 ml 40 ml,dạng sản phẩm gel,svr,,pháp
20,18,Sữa Rửa Mặt NICOR Amino Acid Dưỡng Ẩm 120ml Cho Nam Nữ,bạch tuyết axit amin glycerin,"làm mềm và nuôi dưỡng da, bổ sung độ ẩm và dưỡng chất cho da, làm sạch da của dầu thừa, giúp da ngậm nước và mịn màng",nhiều loại da khác nhau,120 g,,nicor,,
21,19,Sữa rửa mặt nghệ và mật ong collagen x3 [Chính Hãng],"nghệ, mật ong","trắng da, ngừa mụn, diệt khuẩn, lấy đi tế bào chết, làm mờ các vết thâm trên da, giúp da tươi trẻ và sáng mịn",,,,honeybee,,
22,20,(chính hãng) Sữa rửa mặt Hatomugi Naturie hạt ý dĩ 130g 170g Nhật Bản,,,,,,,,
23,21,Sữa rửa mặt Hatomugi ý dĩ dưỡng ẩm trắng da Reihaku Cleansing Facial Foam Nhật Bản,"hạt coix, yến mạch, vitamin e, axit amin","trắng sáng da, dưỡng ẩm, chống viêm và chống lão hóa da",thích hợp cho mọi loại da,"trắng 130g, lớn 170g",chai,hatomugi,,marie japan
24,22,[MUA 1 TẶNG 1] Sữa rửa mặt dành cho da mụn Senka perfect whip acne care 100g,"ngăn ngừa mụn chiết xuất từ hoa cúc từ vùng kyoto nhật bản, acid thuộc nhóm bha","loại bỏ tế bào chết, ngăn chặn tình trạng mụn, làm sạch bụi bẩn và giảm nhờn bóng dầu, cung cấp độ ẩm, chống oxi hóa, giúp da sạch thoáng ẩm mịn sáng rạng rỡ",,,,shiseido,3 năm kể từ ngày sản xuất,công ty tnh shiseido việt nam
25,23,【💯hàng thật】Sữa Rửa Mặt cetaphil Gentle Skin Cleanser 500ml,,"loại bỏ chất nhờn trên mặt, tẩy sạch bụi bẩn và trang điểm mà không làm cho da bị khô ráp, cảm giác sảng khoái tươi mát và sạch sẽ, không gây kích ứng cho da, giúp da giữ được độ ẩm cần thiết để lại cảm giác làn da mềm mại mịn màng và khỏe mạnh",,50 ml,,cetaphil,,nước
26,24,Sữa Rửa Mặt SENANA Amino Acid Collagen 60g Làm Sạch Sâu Dưỡng Ẩm Kiểm Soát Dầu,"axit amin, collagen","làm trắng, hiệu quả dưỡng ẩm, làm sạch sâu",áp dụng chung,60g,,,,
27,25,Gel rửa mặt Cosrx Low pH Good Morning Gel Cleanser,"tinh dầu tràm trà, tea tre oil, bha tự nhiên","kiểm soát dầu trên da, thu nhỏ lỗ chân lông, điều chỉnh kết cấu da, dịu nhẹ","phù hợp với mọi loại da, ngay cả da nhạy cảm và da đang gặp nhiều vấn đề",150 ml,dạng gel,,từ tháng 4 2023,
28,26,Sữa Rửa Mặt Dạng Gel Cosrx Low pH Good Morning Gel Cleanser,"tinh dầu lá tràm trà, bha, ferment, betaine","giúp giảm dầu, thu nhỏ lỗ chân lông, làm dịu da, lấy đi lớp tế bào chết, làm sáng da, dưỡng ẩm cho da, giảm lượng dầu nhờn trên da, làm mềm da",,150 ml,dizzy,cosrx,,hàn quốc
29,11,Sữa Rửa Mặt Dịu Nhẹ Cetaphil Gentle Skin Cleanser Hasaki Sản phẩm chính hãng,"water, cetyl alcohol, glycol, sodium lauryl sulfate, stearyl alcohol","dùng cho mọi loại da, không gây kích ứng, loại bỏ chất nhờn, tẩy sạch bụi bẩn và trang điểm, giữ độ ẩm, làm mềm và diu da","bị mụn trứng cá, chàm, thể tạng, eczema, rôm sảy, hăm da, ngứa da, khô da, nhạy cảm, vảy cá đỏ, da vẩy, nến bỏng, nắng, viêm da dị ứng, da bị kích thích khi sử dụng benzoyl, làn da mềm mại của trẻ em, da phụ nữ sau sinh, da bệnh nhân tránh bị nhiễm lạnh, da của bé sau ăn bú, da mặt tay và toàn thân",,,cetaphil,,
30,27,Sữa Rửa Mặt Cosrx Low PH Good Morning Gel Cleanser 150ml Hàn Quốc / Gel Rửa Mặt Cosrx chiết xuất trà xanh độ PH thấp,"dầu cây trà và các thành phần tự nhiên khác cho công thức tinh khiết nhẹ nhàng. chiết xuất từ cành quả và lá styrax làm dịu làn da nhạy cảm. betaine, bha 0.5 loại bỏ bã nhờn, kem dưỡng sót lại sau 1 đêm và các tế bào da chết","giúp da sạch sâu mà không hề gây cảm giác khô căng, khôi phục lại sự cân bằng ph tối ưu cho da mà không gây kích ứng. làm dịu làn da nhạy cảm, nuôi dưỡng lớp màng acid tự nhiên bảo vệ da.","phù hợp cho mọi loại da, ngay cả làn da nhạy cảm và da mụn",150ml,"dạng gel, có nắp đậy kín",cosrx,hsd 3 năm kể từ ngày sản xuất,thông tin không có
31,28,SỮA RỬA MẶT GAMMAPHIL 500ml,,"làm sạch và dưỡng da cao cấp, thích hợp cho mọi loại da và đặc biệt cho da mỏng manh nhạy cảm của trẻ sơ sinh và trẻ nhỏ","mọi loại da, đặc biệt thích hợp cho da nhạy cảm",50 ml,,,,
32,29,Sữa rửa mặt làm sạch ngăn ngừa mụn từ trà xanh 3W CLINIC GREEN TEA CLEANSING FOAM,chiết xuất từ trà xanh,"chống oxy hóa, làm sạch da và diệt khuẩn",mọi loại da,10 ml,,3 w clinic,,hàn quốc
33,30,"Sữa rửa mặt thảo mộc, ngừa mụn Love Yourself – Đặc biệt an toàn cho mọi làn da, chăm sóc và phục hồi",ngăn ngừa mụn chiết xuất từ lúa mạch việt nam và chiết xuất từ gạo,"an toàn cho mọi làn da, chăm sóc và phục hồi sức sống cho da, giúp lấy sạch bụi bẩn và bã nhờn sâu trong lỗ chân lông, làm sáng da, tạo cảm giác trơn láng mềm mịn sau khi rửa mặt",,,,việt nam,3 năm kể từ ngày sản xuất,công ty tnh mtv mỹ phẩm sắc đẹp việt
34,24,Sữa rửa mặt giảm nám và chống tàn nhang thảo dược BAIZTON da trắng sáng và dưỡng ẩm,,giúp làm mờ các mảng nám tàn nhàng và thâm mụn hiệu quả đối với tất cả các loại nám từ nám mảng chân sâu và nám hỗn hợp nám mới hay lâu năm đều có hiệu quả khi sử dụng đủ liệu trình,,,,,,
35,31,Sữa rửa mặt da dầu mụn La Roche Posay Effaclar Purifying Foaming Gel Cleanser,"nước khoáng la roche posay, kẽm pca","làm sạch bụi bẩn và dầu thừa, giảm mụn, làm dịu da và giảm kích ứng.","phù hợp với mọi loại da, đặc biệt là da nhạy cảm",40ml,"chai nhựa màu trắng đứng, có nắp đậy kín",la roche posay,,pháp
36,32,"Sữa rửa mặt dưỡng ẩm, ngừa mụn, làm sáng da ý dĩ Hatomugi Nhật Bản 130g, 170g  [xanh - trắng]","myristic acid, stearic acid, peg 8, potasium lauric acid, palmitic acid, glyceryl, glyceryl stearate se, glycol, cetyl alcohol, coix ma yuen sed extract, butylene glycol, aloe leaf extract, prunus persica peach leaf extract, cetyl pg, camelia japonica sed oil, edta, citric acid, sodium","cấp ẩm và dưỡng da tự nhiên, cải thiện là da khô ráp, ngăn ngừa mụn hiệu quả, làm săn chắc da, giúp làm lành các vết thương trên da, ngăn ngừa mụn trứng cá, khống chế lượng dầu se, khít lỗ chân lông, ngăn ngừa lão hóa và dễ dàng thẩm thấu, bảo vệ da khỏi ánh nắng mặt",mọi loại da,130 g,,hatomugi,,nhật bản
37,33,Sữa Rửa Mặt BIOAQUA Vị Đào Tạo Bọt Nhẹ Nhàng Làm Sạch Dưỡng Ẩm Và Làm Trắng 100gr,,"giải quyết tất cả các vấn đề về da mụn, dịu mụn sưng đỏ, hạn chế mụn mọc trở lại, chống nhờn, cân bằng độ ẩm trên da, làm mờ các vết thâm do mụn gây ra, làm sạch da nhẹ nhàng nhưng hiệu quả","phù hợp với những làn da da dầu, da hỗn hợp, da mụn và da nhạy cảm dễ bị mụn",,,bioaqua,,
38,34,Sữa Rửa Mặt 3W Clinic Mẫu Mới Hot,chiết xuất chủ yếu từ trà xanh với thành phần chống oxy hóa,"làm sạch da và diệt khuẩn, giảm vùng da bị mụn nám tàn nhang đồi mồi",,10 ml,,3 w clinic,,
39,35,Sữa rửa mặt dạng Gel Decumar Advanced kiểm soát nhờn mụn hoàn toàn mới,"siêu nghệ nano, lá chanh sim, chiết xuất lá nem, chiết xuất lô hội","làm sạch nhẹ nhàng, ngăn ngừa vi khuẩn gây mụn, kiểm soát dầu nhờn, giữ ẩm cho da","mọi loại da, đặc biệt là da dầu và da nhạy cảm, không dị ứng với nghệ",,,decumar,3 năm kể từ ngày sản xuất,"sản xuất tại công ty cổ phần dược mỹ phẩm cvi, lô đất khu công nghiệp công nghệ cao 1, khu công nghệ cao hòa lạc, km 29 đại lộ thăng long, xã thạch hòa, huyện thạch thất, tp hà nội"
40,36,Sữa rửa mặt nhau thai cừu tế bào gốc nhật 130gr,"chiết xuất từ nhau thai cừu, hơn 12 hoạt chất chiết xuất từ thực vật, vitamin và khoáng chất","dưỡng trắng và làm sáng da, giúp da luôn hồng hào căng mịn, cải thiện tình trạng thô ráp da, giữ ẩm, giảm mụn và thâm nám, cân bằng ph da, se khít lỗ chân lông, giảm vết đồi mồi, đốm sâu, tàn nhang",,,,chantele sydney careline,,nhật bản
41,37,Sữa rửa mặt bơ thái,"bơ tự nhiên, thành phần chống oxi hóa","làm sạch bụi bẩn và các tạp chất trên da, giúp da sạch ngăn ngừa mụn nám",mọi loại da,,,,,
42,38,sửa rửa mặt đông y 100ml,,trắng sáng da nhanh chóng,,,,cherries,,việt nam
43,39,Sữa rửa mặt nhau thai cừu,,"giúp trẻ hóa và tăng độ đàn hồi cho da, se khít lỗ chân lông, giúp da mịn màng và căng bóng, làm dịu da sau khi lăn kim pel da đi laser bắn co2, khôi phục và tái tạo da bị tổn thương nhanh chóng",,,,kissing cat,,
44,40,"Sữa rửa mặt misswhite mụn, thâm",nghệ tươi,"ngăn ngừa mụn, làm mờ vết thâm",,,,,,
45,41,Sữa rửa mặt giảm mụn cho da dầu Obagi Clenziderm MD Daily Care Foaming Cleanser 118ml,"acid 2, butyl cetyl disodium edta, menthol, sodium laureth, sodium lauryl, ext violet 2, ci water","làm sạch sâu, loại bỏ dầu bụi bẩn và lớp trang điểm, giúp da thấm sâu các sản phẩm điều trị mụn ở bước tiếp theo, tẩy tế bào chết và ngăn ngừa mụn quay trở lại",,,"sữa rửa mặt dạng kem, đóng trong tuýp nhựa",obagi md,3 năm kể từ ngày sản xuất,mỹ
46,33,Sữa Rửa Mặt Nhau Thai Cừu 130g,nhau thai cừu,"dưỡng trắng và làm sáng da, sạch sâu từ bên trong, ngăn ngừa vi khuẩn có hại, làm dịu vết thương do mụn, giảm thâm nám, cân bằng ph cho da, cải thiện tình trạng thô ráp da, giữ ẩm",,,,,,
47,42,Sữa rửa mặt đầu cọ tạo bọt Seimy - Face Cleanser Foam Collagen,cung cấp colagen chống lão hóa và kết hợp đầu cọ silicon đa năng,sạch sâu bên trong da gấp 5 lần nâng cơ chống lão hóa giảm mụn đầu đen mụn cám thu nhỏ lỗ chân lông,,,thiết kế đầu cọ tiện dụng giúp chị em tiết kiệm tối đa trong việc skincare mỗi ngày,seimy,,viêt nam
48,43,Sữa Rửa Mặt Cetaphil Gentle Skin Cleanser 473ml.,"chứa các loại cồn béo như glycol, cetyl alcohol, stearyl alcohol","loại bỏ bụi bẩn một cách nhẹ nhàng, không gây khô da, giúp làn da duy trì độ ẩm tự nhiên, giúp duy trì hàng rào bảo vệ da","dành cho mọi loại da, kể cả da người trưởng thành, da khô, da dầu, da mẫn đỏ, da nhạy cảm và da của trẻ sơ sinh","có các loại dung tích 59 ml, 125 ml, 250 ml, 50 ml",,cetaphil,3 năm kể từ ngày sản xuất,canada
49,44,"Sữa rửa mặt CERAVE , da dầu, da mụn, da khô,, mọi loại da. dung tích 236ml","các thành phần giữ ẩm, acid, acid béo","lấy đi bụi bẩn dầu thừa tàn dư của lớp make up mà không làm tổn hại đến lớp màng ẩm của da, giúp duy trì lớp màng bảo vệ da khỏe mạnh để làn da có thể chống lại những tác hại từ môi trường bên ngoài, tránh vi khuẩn xâm nhập vào da, sạch nhưng vẫn mềm mịn","da dầu, da khô",236ml,check mark button,cerave,,
50,45,[Mã COSACD10 giảm 10% đơn 600K] Gel rửa mặt tạo bọt cho da dầu nhạy cảm La RochePosay 400ml,"zinc pca, nước khoáng thermal spring water","giảm nhờn, điều trị mụn, làm sạch da từ sâu trong lỗ chân lông, loại bỏ bụi bẩn cùng dầu thừa, giữ độ ph luôn ở mức cân bằng 5 5",da dầu và da mụn nhạy cảm,40 ml,"dạng gel, dễ dàng tạo bọt",la roche posay,03 năm kể từ nsx,pháp
51,46,Sữa Rửa Mặt HadaLabo Advanced Nourish Hyaluron Cleanser 80g,water sodium cocoyl butylene glycol betaine starch peg 20 m lauryl sodium lauroyl potasium cocoyl sodium stearoyl sodium,giúp làm sạch sâu dịu nhẹ dưỡng da ẩm mịn giúp giảm tình trạng mất nước củng cố màng ẩm tự nhiên bảo vệ da,phù hợp với mọi loại da,80 g,,hadalabo,4 năm kể từ ngày sản xuất nsx được in trên bao bì sản phẩm,nhật bản sản xuất tại việt nam
52,1,Sữa Rửa Mặt Cho Nam Skin&Dr Than Hoạt Tính 100g - Trắng da kiềm dầu,"thiên nhiên, acid quả lựu, rau sâm, bí đỏ, gạo yến mạch, chiết xuất lên men từ thực vật, lên men từ ngô và các thảo dược","trắng da, kiềm dầu, ngừa mụn, loại bỏ tế bào chết, làm sạch sâu, thẩm thấu dưỡng da sâu, mềm mịn da",,10 g,,skin dr,2 năm kể từ ngày sản xuất,hàn quốc
53,0,Sữa rửa mặt Hazeline Chiết Xuất Thiên Nhiên 100g,nghệ hoa cúc kết hợp các chiết xuất nguồn gốc thiên nhiên cùng thành phần ngừa mụn hazeline,làm sạch dầu thừa và bụi bẩn sâu bên trong giúp giảm mụn dần sau 3 ngày mà vẫn dịu nhẹ cho da,,,,sparkles,hsd 2 năm,việt nam
54,47,Sữa rửa mặt nam RHYS MAN hương dừa Rhys Coconut Fresh 100ml,"chiết xuất lô hội, dầu dừa, tinh dầu bạc hà","làm sạch da, giảm nhờn, giữ ẩm, giảm mụn, se nhỏ lỗ chân lông, dưỡng ẩm và làm sáng da, loại sạch bụi bẩn và bã nhờn",,10 ml,,rhys man,2 năm kể từ ngày sản xuất,việt nam
55,48,"Sữa rửa mặt nam 30Shine phân phối chính hãng Skin&dr Tràm trà 80g cho da mụn, da dầu, dưỡng ẩm trắng da",chiết xuất từ cây tràm trà chứa axit và glycolic từ cây đu đủ chứa axit aha bh,"làm sạch da sâu, giúp da sáng đều màu và khỏe mạnh rạng rỡ, cân bằng ph cho da, hỗ trợ tái tạo làn da mới mịn màng tươi sáng, điều tiết dầu nhờn, giúp da thoáng sạch se khít lỗ chân lông, cấp ẩm duy trì sự mềm mại cho da, ngăn chặn khô bong tróc, có khả năng làm sạch lớp trang điểm trên da",cho da mụn da dầu,10 g,,skin dr,2 năm kể từ ngày sản xuất,hàn quốc
56,28,Sữa rửa mặt Gamaphil 125ml 150ml và 500ml,,"dùng để vệ sinh da hàng ngày đặc biệt dành cho da nhạy cảm với người lớn, rửa mặt hoặc tắm hàng ngày, tẩy trang làm sạch da trước khi thoa thuốc điều trị các bệnh lý về da, tắm khô cho các sản phụ mới sinh, người cao tuổi hay các bệnh nhân sau phẩu thuật, dùng để tắm hàng ngày cho trẻ để ngăn ngừa tình trạng da bị rôm sảy hăm ha ngứa da rất hiệu quả",nhạy cảm,,,gamaphil,,
57,49,Sữa Rửa Mặt Cosrx Low Ph 150ml,công thức không chứa dầu,"nhẹ nhàng làm sạch da lấy đi bụi bẩn cùng bã nhờn dư thừa, mang lại làn da với lỗ chân lông thông thoáng, giảm nguy cơ hình thành mụn trứng cá và mụn đầu đen","da thường, da hỗn hợp, da dầu, mụn và da nhạy cảm",150 ml,"chất liệu vỏ bình là nhựa cao cấp bền đẹp, thiết kế tiện lợi, dễ sử dụng",simple,,
58,50,🇯🇵 SỮA RỬA MẶT NHAU THAI CỪU NHẬT BẢN,chiết xuất chính đến từ các chất dinh dưỡng có trong nhau thai cừu,"làm trắng da vượt trội, tẩy tế bào chết nhẹ nhàng, giúp da sáng khẻ rạng ngời, làm mờ các vết nám thâm và tàn nhang hiệu quả, dưỡng ẩm sâu, ngăn ngừa lão hóa, tăng độ đàn hồi hóa làn da",,,,,,
59,51,Sữa rửa mặt Wonder Bath PHA 5.5 tạo bọt dịu nhẹ - phù hợp ngay cả da nhạy cảm 130ml,chiết xuất 98 có nguồn gốc từ thiên nhiên,"làm sạch da một cách dịu nhẹ, cân bằng độ ph trên da, tạo lớp màng dưỡng ẩm",khỏe mạnh,130 ml,"kết cấu dạng kem, tạo bọt tốt, lớp bọt bông mịn",byvibes,xem trên bao bì,hàn quốc
60,12,Sữa rửa mặt sâm đỏ hàn quốc,"panax ginseng rot extract, water, grape sed oil, sage leaf extract, linearis, four leaf clover","làm sạch da, loại bỏ bụi bẩn và lớp trang điểm, dưỡng ẩm, chống lại các gốc tự do dẫn đến tình trạng lão hóa da",,130 ml,,my gold,,hàn quốc
61,52,Sữa rửa mặt dưỡng ẩm sáng da Hazeline yến mạch dâu tằm,các hoạt chất thiên nhiên,"loại bỏ bụi bẩn và cặn trang điểm, giảm ma sát, làm trắng sáng da",,,,hazeline,3 năm kể từ ngày sản xuất,sản xuất tại việt nam
62,53,[Bạn mới nhập COSHBM -50% đơn 0Đ] Gel Rửa Mặt Compliment No Problem Cho Da Nhờn Mụn,dầu cây trà,"làm sạch sâu, chăm sóc chất lượng cho làn da có vấn đề, thu hẹp lỗ chân lông, ngăn ngừa vi khuẩn và bóng nhờn trên khuôn mặt",da nhạy cảm,20 ml,"có nắp chai to, dễ ra gel lung tung khi dùng",timex,36 tháng sau ngày sản xuất,nga
63,54,"Sữa rửa mặt DAILY EFFECT - Làm sạch bụi bẩn, dầu nhờn, cân bằng độ pH cho Da, ngăn ngừa mụn",chiết xuất từ khổ qua rừng và rau diếp cá,"làm sạch bụi bẩn dầu nhờn, cân bằng ph da, không làm khô da, giảm viêm sưng tấy, hạn chế tối đa các tác nhân gây mụn, cải thiện làn da sạch mịn và khỏe hơn",phù hợp với mọi loại da kể cả da nhạy cảm,,,daily efect,3 năm kể từ ngày sản xuất,
64,55,Sữa Rửa Mặt Trắng Da Oriskin Cleanser Moisturizing 100ml,thành phần lành tính ít bọt,giúp loại bỏ bụi bẩn kiểm soát bã nhờn trên bề mặt da chống lão hóa dưỡng ẩm làm dịu da hỗ trợ ngăn ngừa mụn,phù hợp cho các làn da nhạy cảm,60 ml,,oriskin,hsd 3 năm kể từ ngày sản xuất nsx xem trên bao bì sản phẩm,sản xuất và đóng gói việt nam công nghệ nhật bản nano liposome
65,43,"[ Nhập Pháp ] Sữa Rửa Mặt Cerave Foaming Facial Cleanser Dành Cho Da Dầu, Da Khô",,"làm sạch da, phục hồi và duy trì các chức năng bảo vệ tự nhiên của da, hạn chế tình trạng vi khuẩn xâm nhập vào da, không làm tổn hại đến lớp màng ẩm của da, giữ da mềm mịn, hỗ trợ trắng da, ngừa lão hóa và mụn",dành cho da dầu và da khô,,"chất sữa dạng gel trong lỏng không mùi, thích hợp cho da nhạy cảm, tạo bọt khi đánh lên",cerave,,mỹ
66,56,Sữa rửa mặt Hồng sâm Hàn Quốc My Gold[Hàng chuẩn nắp đỏ],"hồng sâm hàn quốc, cây dâu tằm và cây hoa trà","làm sạch và loại bỏ chất thải cặn bã nhờn, giúp thoáng lỗ chân lông, duy trì sự đàn hồi cho làn da, giúp làn da mềm mại, cung cấp các dưỡng chất giúp làn da trẻ hóa, cải thiện các tế bào hư tổn dưới da, tái tạo lớp màng bảo vệ da khỏi những tác nhân ngoài môi trường, ngăn ngừa mụn cám tàn nhang",,130 ml,hộp,my gold,,hàn quốc
67,57,OXY Deep Wash (Scrub) - Kem rửa mặt có hạt sạch sâu 100g,"cấu trúc tổ ong siêu xốp, vitamin b3, chiết xuất tảo biển","làm sạch sâu, đánh bay nhờn, tút sáng da, kiểm soát nhờn, cân bằng độ ẩm, tút da sáng mịn",dành cho da dầu thô ráp sần sùi dày,10g,kem rửa mặt có hạt,oxy,3 năm kể từ ngày sản xuất,"thương hiệu nhật bản, sản xuất tại việt nam"
68,58,Sữa rửa mặt trắng da Hatomugi Cleansing Foam hạt Ý Dĩ 130gr,"hạt coix (hạt ý dĩ), yến mạch, đào, ngọc trai, vitamin e, b1, b12, và hơn 8 loại axit amin","làm trắng sáng da, giúp da mềm mại mịn màng, dưỡng ẩm cho da, chống lão hóa da, thải độc tố da, làm săn chắc da, cải thiện làn da khô, không chứa chất bảo quản paraben hay chất tạo màu gây hại cho da",phù hợp với mọi loại da,"cỡ nhỏ 130 g, cỡ lớn 170 g","màu trắng, đơn giản, dạng chai có nắp đậy",hatomugi,,
69,46,Cosrx sữa rửa mặt Low pH Good Morning Gel Cleanser 150ml,"dầu cây trà, thành phần tự nhiên khác, betaine, bha 0.5%","giúp da sạch sâu, không gây khô căng, khôi phục lại cân bằng ph tối ưu cho da, dịu làn da nhạy cảm, nuôi dưỡng lớp màng acid tự nhiên bảo vệ da","mọi loại da, cả da nhạy cảm và da mụn",150 ml,gel rửa mặt,,,hàn quốc
70,59,Sữa Rửa Mặt Simple Kind To Skin 150ml,"pro vitamin b5, vitamin e, không chứa sodium lauryl sulfate và 10 soap fre","làm sạch sâu, loại bỏ bụi bẩn trên da, thành phần tự nhiên lành tính, dưỡng ẩm chống lão hóa tăng độ đàn hồi, phù hợp mọi loại da",,150 ml,dạng gel,simple,,anh
71,60,Sữa rửa mặt Compliment No Problem 200ml giúp làm sạch và giảm mụn,"không cồn khô, acid bha, chiết suất hoa cúc, tea tre oil","giúp lọc sạch bụi bẩn bã nhờn, giúp làm thông thoáng chân lông, xóa bỏ mụn trứng cá và ngăn ngừa chúng quay trở lại, giảm mụn, loại bỏ bụi bẩn từ lỗ chân lông, cung cấp ẩm lâu dài","dành cho da dầu, da hỗn hợp, da nhạy cảm, da thường, da khô",20ml,dạng gel trong suốt với hương thơm tươi mát dễ chịu,no problem,,
72,61,Sữa Rửa Mặt 3W Clinic Hàn Quốc 100ml,"chiết xuất hạt lúa mạch, dẫn xuất tinh khiết từ nước gạo, thành phần tự nhiên giàu dưỡng chất","vệ sinh làm sạch da mặt, đồng thời nuôi dưỡng da khỏe mạnh, chống oxy hóa","da khô thiếu nước, da nhờn",10 ml,"bao bì được thiết kế dạng mới, sang trọng",3 w clinic,luôn mới nhất thị trường,hàn quốc
73,62,Sữa Rửa Mặt Trà Xanh Innisfrees Hàn Quốc Green Tea Foam Cleanser 150ml Giúp Sạch Khuẩn & Giảm Dầu Mụn - MINT SHOP,chiết xuất từ lá trà xanh tươi,"làm sạch sâu bụi bẩn, dưỡng ẩm, phục hồi độ ẩm và làm sáng da",phù hợp với mọi loại da,150ml,,inisfre,,hàn quốc
74,34,Sữa Rửa Mặt ĐÀO TƯƠI BIOAQUA,"acid lactic, peach ceramide, chie t xua t tu qua đa o, chie t xua t hoa qua, vitamin c, axit ha, vitamin a, vitamin e","thu nho lỗ chân lông, tăng độ đàn hồi cho da, giúp da khoẻ mạnh","da khô, da nhạy cảm",,,,,việt nam
75,63,[W.E Store] Sữa Rữa Mặt Dưỡng Da BIOAQUA PEACHEXTRACT ĐÀOTƯƠI 🍑 100ML Auth Nội Địa,chu a men vi sinh tu acid lactic,"giữ p, cung cấp độ ẩm tự nhiên cho da, thu nhỏ lỗ chân lông, tái tạo tế bào da",khô và nhạy cảm,10 ml,"lọ pha lê màu hồng đục, có nắp vặn",bioaqua,,nội địa trung quốc
76,64,"Sữa rửa mặt Compliment No Problem giảm viêm, ngừa mụn - 200ml","tràm trà, tinh dầu tràm, bha","khả năng làm sạch sâu, giữ độ ẩm tự nhiên cho da, thúc đẩy giảm sưng viêm mà không để lại sẹo thâm, tinh dầu tràm trà sẽ bảo vệ da và ngăn ngừa mụn quay trở lại, không gây khô da","da dầu mụn nhạy cảm, da thường, da khô, da hỗn hợp thiên dầu",,,4 beauty herb,,
77,65,Sữa rửa mặt gạo Rice Milk Civic 180ml Thái Lan,"sửa gạo và tinh chất colagen, vitamin e","làm sạch sâu, nuôi dưỡng, trắng mịn da, dưỡng ẩm, mềm mại da","dầu, nhạy cảm, bị mụn",180 ml,,leaf fluttering in wind,,thái lan
78,36,sữa rửa mặt trà xanh mẫu mới 150ml,trà xanh làm đẹp cô đặc chứa 16 loại axit amin gấp 3 5 lần chiết xuất rễ trà xanh,"chiết xuất trà xanh chống oxy hóa ngăn ngừa mụn làm sáng da chống các tác hại từ môi trường xung quanh, kiềm dầu hạn chế mụn giúp làn da rạng rỡ và đầy sức sống","dành cho mọi loại da, đặc biệt là da dầu có mụn, da bị kích ứng với ô nhiễm môi trường, da có mụn nhưng không quá khẩn cấ",150 ml,chai nhựa đục có nắp đậy,inisfre,"36 tháng kể từ ngày sản xuất nsx xem trên bao bì sản phẩm, 12 tháng kể từ ngày mở nắp shop","sản xuất ngay tại cánh đồng trà xanh trên đảo jeju, hàn quốc"
79,66,Sữa Rửa Mặt amino acid Làm Sạch Mụn Đầu Đen Kiềm Dầu Dưỡng Ẩm Cải Thiện Làn Da Mịn Màng Không Làm Săn Chắc Da,chiết xuất hoa sen,làm sạch sâu,phù hợp với mọi làn da,,,,,
80,67,sửa rửa mặt senana lấy bụi bẩn giúp da trắng sáng (sỉ buôn),,"dưỡng da ẩm mượt tươi trẻ, cấp nước, trắng sáng",,60 g,hộp nhựa,senana,,
81,49,Sữa Rửa Mặt Trà Xanh¹,"chiết xuất hoàn toàn từ trà xanh tự nhiên, các thành phần chống oxi hóa","giúp làm sạch bụi bẩn và các tạp chất trên da, hút nhờn và ngăn ngừa nám mụn, dưỡng trắng da hồng tự nhiên",dành cho mọi loại da,150 ml,,,,
82,46,Cetaphil Sữa Rửa Mặt Gentle Skin Cleanser (mới),"purified alcohol, glycol, sodium lauryl sulfate, stearyl alcohol, methyl propyl butyl","làm sạch và chăm sóc da mụn, giúp làm khô nhân mụn, làm liền sẹo, làm mờ thâm, dưỡng ẩm và phục hồi tế bào da hư tổn, làm dịu da nhạy cảm hay ngứa rát và mẩn đỏ da bỏng nắng",phù hợp với mọi loại da đặc biệt là da nhạy cảm dễ bị kích ứng,,,cetaphil,3 năm kể từ ngày sản xuất,canada
83,68,Sữa rửa mặt dưỡng da tươi sáng và căng mọng Bio-essence Bio-Bird's Nest Collagen Cleanser 100g,"tinh chất tổ yến, peptide, arbutin, acid chất","làm sạch sâu, nuôi dưỡng, trắng sáng, ngừa thâm sạm, tăng độ đàn hồi cho da",phù hợp với mọi loại da,10 gr,dạng tuýp,bio essence,3 năm kể từ ngày sản xuất,
84,69,"Acnes Vitamin Cleanser - Kem rửa mặt Vitamin 50g, 100g",các vitamin cần thiết cho làn da như vitamin e c a b3 b5 b6,"giúp da sáng khỏe, mờ dần vết thâm sau mụn, mô sợi colagen trở nên săn chắc hơn, làm sạch da giúp da sáng mịn màng",làn da sau mụn cần được chăm sóc đặc biệt,,,acnes,,
85,11,Gel Rửa Mặt Dành Cho Da Nhạy Cảm Simple Kind To Skin Refreshing Facial Wash Gel 150ml Hasaki Sản phẩm chính hãng,"nước tinh khiết, chiết xuất từ hoa cúc, vitamin e, vitamin b5","làm sạch da, loại bỏ tạp chất, dịu nhẹ, giúp nuôi dưỡng và làm mịn da","phù hợp cho mọi loại da, đặc biệt là da nhạy cảm",150 ml,vỏ chai xám được làm từ 10 nhựa tái chế thân thiện với môi trường,simple,,anh quốc
86,70,SỬA RỬA MẶT NHUỴ HOA NGHỆ TÂY MẬT ONG,"chính safron, mật ong và nghệ tươi gel safron","sạch lỗ chân lông, hỗ trợ cải thiện da mụn, làm lành tổn thương do mụn, mờ vết thâm và sáng da mềm mịn da, kháng khuẩn, cải thiện hỗ trợ da mụn",phù hợp mọi loại da đặc biệt da mụn và nhạy cảm,10 ml,,,,uk
87,71,"Sữa Rửa Mặt Ngừa Mụn Tràm Trà Nano Nghệ Trắng Da, Làm Sạch Dịu Nhẹ Cho Da Mụn Nhạy Cảm MILAGANICS 135ml (Chai)","nghệ kích thước nano siêu nhỏ, tinh dầu tràm trà nguyên chất, vitamin b3, dầu dừa, dầu argan, dầu olive, hoạt chất betaine, acid chiết xuất hoa hồng, cây phỉ, nha đam","làm sạch da, ngừa mụn, giảm viêm, cân bằng ẩm, bổ sung dưỡng chất",da mụn nhạy cảm,,,organic lamdep,2 năm kể từ ngày sản xuất,việt nam
88,72,Sữa rửa mặt Kose Softymo Nhật Bản 220g,,"làm sạch hoàn hảo trên bề mặt da và cả bên trong lỗ chân lông, giúp da tức thì được cân bằng và duy trì ẩm hiệu quả, trẻ hóa làn da, chống lão hóa",,20 g,hộp nhỏ và tiện lợi,kose,,japan
89,73,Sữa rửa mặt dành cho da mụn innisfree Bija Trouble Facial Foam 150g,"dầu bija jeju, acid bha","làm sạch hoàn hảo bụi bẩn từ sâu bên trong lỗ chân lông, giúp tăng sức đề kháng cho da, làm dịu và bảo vệ vùng da gặp rắc rối về vấn đề mụn",da mụn và dầu mụn,150 g,,inisfre,3 năm kể từ ngày sản ty chịu trách nhiệm nhập khẩu và phân phối độc quyền công ty tnh việt nam,hàn quốc
90,39,Sữa rửa mặt trà xanh INF 150ml mẫu mới,,,,150 ml,mẫu mới,,,
91,34,Sữa Rửa Mặt Hồng Sâm Đỏ Hàn Quốc My Gold,thảo dược hồng sâm,"loại bỏ chất bẩn, tẩy sạch bã nhờn, làm thoáng lỗ chân lông, trẻ hóa tế bào, giữ ẩm, ngăn ngừa mụn và tàn nhang, tạo lớp màng bảo vệ",,130 ml,,red heart,,quốc gia hàn quốc
92,74,Sữa rửa mặt BIOAQUA vị đào tạo bọt nhẹ nhàng làm sạch dưỡng Ẩm và làm trắng 100gr,,"giu p cung ca p đo a m tu nhie n cho da làm trắng da, giải quyết tất cả các vấn đề về da mụn, dịu mụn sưng đỏ, hạn chế mụn mọc trở lại, chống nhờn, cân bằng độ ẩm trên da, làm mờ các vết thâm do mụn gây ra, làm sạch da nhẹ nhàng nhưng hiệu quả",phù hợp với những làn da da dầu da hỗn hợp da mụn và da nhạy cảm dễ bị mụn,,,bioaqua,,
93,75,"Sữa Rửa Mặt Làm Sạch Sâu Chiết Xuất Xương Rồng Huxley CleansingFoam Deep Clean,Deep Moist100g",chiết xuất xương rồng,"làm sạch sâu, loại bỏ dầu thừa, nuôi dưỡng da, phục hồi da",mọi loại da,,,huxley,2023,hàn quốc
94,76,"(CHÍNH HÃNG)SỮA RỬA MẶT DÀNH CHO DA DẦU, MỤN– LALISSE OIL-CONTROL CLEANSER","water, potasium laureth betaine, amine oxide, lauryl peg 120 methyl glucose 1 l, lactic acid, disodium edta, dimethyl ra i ra i, chiết tự nhiên từ các thành phần tự nhiên sau đây: apricot sed, peach sed, ginkgo sed, chinese sanchi rot, sophora rot, thunberg bulb and powdered pearl",lalise oil control cleanser sản phẩm sữa rửa mặt giúp loại bỏ bụi bẩn chất nhờn trên bề mặt da và đồng thời kiểm soát quá trình tiết chất nhờn trên da với công thức hòa tan trong nước cùng những hạt bọt nhỏ mịn li ti có tác dụng hút chất nhờn dư thừa nằm sâu trong da masage da giữ cho da luôn sạch thoáng mịn màng và se khít lỗ chân lông kết hợp các loại thảo mộc tự nhiên của skin serum no 1 và được thiết kế hoàn toàn tan trong nước lalise cleanser giúp diệt vi khuẩn hiệu quả kiểm soát dầu làm giảm tấy đỏ và sưng giúp làn da sạch sẽ mịn màng và khỏe mạnh,thích hợp cho da nhờn hoặc mụn từ nhẹ đến nghiêm trọng,,,,,
95,77,SỮA RỬA MẶT LA ROCHE POSAY CHÍNH HÃNG 100%,"zinc pca, nước khoáng","làm sạch và giúp kiểm soát dầu, giảm bã nhờn hiệu quả, hỗ trợ điều trị mụn, làm dịu da và chống kích ứng",phù hợp cho da dầu và da mụn nhạy cảm,,,efaclar,,"la madeleine, pháp"
96,78,Sữa Rửa Mặt Tẩy Tế Bào Chết Ngừa Mụn St.Ives 170g,"chiết xuất từ trái mơ hạt ngô quả óc chó, trà xanh và acid, chiết xuất dừa và hạt cà phê","nhẹ nhàng làm sạch bụi bẩn, loại bỏ tế bào chết, giúp làn da được phục hồi mềm mịn và tươi mát, làm giảm mụn đầu đen, tăng cường dưỡng chất cho da thêm sáng khỏe","mọi loại da, đặc biệt là da có mụn đầu đen hoặc da khô xỉn màu và mệt mỏi",170 g,,st ives,,mỹ
97,33,Sữa rửa mặt gạo Civic Rice milk Thái Lan,,phù hợp với mọi loại da đặc biệt là không bị khô rát da giữ ẩm và làm mềm da rất tốt trong mùa hanh khô; giúp làm sạch sâu các lỗ chân lông lấy đi các bụi bẩn khó sạch khi rửa bằng nước; chống nám sạm và tàn nhang có tác dụng kiểm soát chất nhờn cân bằng độ ẩm cho da,,,,four leaf clover,,
98,79,Acnes Foaming Wash – Dung dịch tạo bọt ngăn ngừa mụn 150ml,,giúp rửa sạch bụi bẩn kháng khuẩn gây mụn tận sâu lỗ chân lông ngăn ngừa mụn hiệu quả acid rửa sạch chất nhờn dư tế bào chết bụi bẩn tận sâu lỗ chân lông da sạch,hỗn hợp da dầu,,,acnes,,
99,80,"Sữa Rửa Mặt Cosrx Low PH Good Morning Gel Cleanser, SRM COSRX Dạng Gel Chiết Từ Dầu Cây Trà "" OAM OFFICIAL""","betaine, alantoin, butylene glycol, tea tre leaf oil","giúp làm sạch da, loại bỏ bã nhờn và tế bào da chết, khôi phục lại sự cân bằng ph cho da","phù hợp với da dầu, da hỗn hợp, da thường và một số bạn có da khô",,sữa rửa mặt dạng gel,cosrx,,hàn quốc
